2026-05-24 01:03:17.237 [restartedMain] INFO  UnbosqueApplication - Starting UnbosqueApplication using Java 25.0.2 with PID 20844 (D:\Universidad\Desarrollo\ProyectoFinal_Backend\target\classes started by juamp in D:\Universidad\Desarrollo\ProyectoFinal_Backend)
2026-05-24 01:03:17.246 [restartedMain] DEBUG UnbosqueApplication - Running with Spring Boot v4.0.6, Spring v7.0.7
2026-05-24 01:03:17.247 [restartedMain] INFO  UnbosqueApplication - No active profile set, falling back to 1 default profile: "default"
2026-05-24 01:03:19.812 [restartedMain] WARN  deprecation - HHH90000025: H2Dialect does not need to be specified explicitly using 'hibernate.dialect' (remove the property setting and it will be selected by default)
2026-05-24 01:03:21.571 [restartedMain] WARN  JpaBaseConfiguration$JpaWebConfiguration - spring.jpa.open-in-view is enabled by default. Therefore, database queries may be performed during view rendering. Explicitly configure spring.jpa.open-in-view to disable this warning
2026-05-24 01:03:22.028 [restartedMain] INFO  UnbosqueApplication - Started UnbosqueApplication in 5.443 seconds (process running for 6.506)
2026-05-24 01:03:22.033 [restartedMain] INFO  UnbosqueApplication - ========================================
2026-05-24 01:03:22.033 [restartedMain] INFO  UnbosqueApplication -   ProyectoFinal Backend iniciado
2026-05-24 01:03:22.033 [restartedMain] INFO  UnbosqueApplication -   Context Path: /ProyectoFinal_Backend
2026-05-24 01:03:22.033 [restartedMain] INFO  UnbosqueApplication - ========================================
2026-05-24 01:04:20.890 [http-nio-8080-exec-3] INFO  PartidoRestController - Listando todos los partidos
2026-05-24 01:04:20.890 [http-nio-8080-exec-2] INFO  JugadorRestController - Listando todos los jugadores
2026-05-24 01:04:20.890 [http-nio-8080-exec-1] INFO  EquipoRestController - Listando todos los equipos
2026-05-24 01:04:20.893 [http-nio-8080-exec-1] DEBUG EquipoServiceImpl - Obteniendo DAO de Equipo
2026-05-24 01:04:20.893 [http-nio-8080-exec-2] DEBUG JugadorServiceImpl - Obteniendo DAO de Jugador
2026-05-24 01:04:20.893 [http-nio-8080-exec-3] DEBUG PartidoServiceImpl - Obteniendo DAO de Partido
2026-05-24 01:04:21.096 [http-nio-8080-exec-4] DEBUG UsuarioRestController - Listando todos los usuarios
2026-05-24 01:04:21.096 [http-nio-8080-exec-4] DEBUG UsuarioServiceImpl - Obteniendo DAO de Usuario
2026-05-24 01:04:21.411 [http-nio-8080-exec-5] INFO  EquipoRestController - Listando todos los equipos
2026-05-24 01:04:21.412 [http-nio-8080-exec-5] DEBUG EquipoServiceImpl - Obteniendo DAO de Equipo
2026-05-24 01:04:21.427 [http-nio-8080-exec-6] INFO  EquipoRestController - Listando todos los equipos
2026-05-24 01:04:21.428 [http-nio-8080-exec-6] DEBUG EquipoServiceImpl - Obteniendo DAO de Equipo
2026-05-24 01:04:21.443 [http-nio-8080-exec-7] INFO  EquipoRestController - Listando todos los equipos
2026-05-24 01:04:21.444 [http-nio-8080-exec-7] DEBUG EquipoServiceImpl - Obteniendo DAO de Equipo
2026-05-24 01:04:21.506 [http-nio-8080-exec-8] DEBUG UsuarioRestController - Listando todos los usuarios
2026-05-24 01:04:21.506 [http-nio-8080-exec-8] DEBUG UsuarioServiceImpl - Obteniendo DAO de Usuario
2026-05-24 01:04:21.526 [http-nio-8080-exec-10] DEBUG UsuarioRestController - Listando todos los usuarios
2026-05-24 01:04:21.526 [http-nio-8080-exec-10] DEBUG UsuarioServiceImpl - Obteniendo DAO de Usuario
2026-05-24 01:04:21.542 [http-nio-8080-exec-9] DEBUG UsuarioRestController - Listando todos los usuarios
2026-05-24 01:04:21.543 [http-nio-8080-exec-9] DEBUG UsuarioServiceImpl - Obteniendo DAO de Usuario
2026-05-24 01:04:21.556 [http-nio-8080-exec-1] DEBUG UsuarioRestController - Listando todos los usuarios
2026-05-24 01:04:21.557 [http-nio-8080-exec-1] DEBUG UsuarioServiceImpl - Obteniendo DAO de Usuario
2026-05-24 01:04:21.571 [http-nio-8080-exec-3] DEBUG UsuarioRestController - Listando todos los usuarios
2026-05-24 01:04:21.571 [http-nio-8080-exec-3] DEBUG UsuarioServiceImpl - Obteniendo DAO de Usuario
2026-05-24 01:04:21.584 [http-nio-8080-exec-2] DEBUG UsuarioRestController - Listando todos los usuarios
2026-05-24 01:04:21.585 [http-nio-8080-exec-2] DEBUG UsuarioServiceImpl - Obteniendo DAO de Usuario
2026-05-24 01:04:21.599 [http-nio-8080-exec-5] DEBUG UsuarioRestController - Listando todos los usuarios
2026-05-24 01:04:21.600 [http-nio-8080-exec-5] DEBUG UsuarioServiceImpl - Obteniendo DAO de Usuario
2026-05-24 01:04:21.616 [http-nio-8080-exec-6] DEBUG UsuarioRestController - Listando todos los usuarios
2026-05-24 01:04:21.616 [http-nio-8080-exec-6] DEBUG UsuarioServiceImpl - Obteniendo DAO de Usuario
2026-05-24 01:04:21.635 [http-nio-8080-exec-7] DEBUG UsuarioRestController - Listando todos los usuarios
2026-05-24 01:04:21.636 [http-nio-8080-exec-7] DEBUG UsuarioServiceImpl - Obteniendo DAO de Usuario
2026-05-24 01:04:21.650 [http-nio-8080-exec-4] DEBUG UsuarioRestController - Listando todos los usuarios
2026-05-24 01:04:21.650 [http-nio-8080-exec-4] DEBUG UsuarioServiceImpl - Obteniendo DAO de Usuario
2026-05-24 01:04:21.666 [http-nio-8080-exec-8] DEBUG UsuarioRestController - Listando todos los usuarios
2026-05-24 01:04:21.666 [http-nio-8080-exec-8] DEBUG UsuarioServiceImpl - Obteniendo DAO de Usuario
2026-05-24 01:04:21.684 [http-nio-8080-exec-10] DEBUG UsuarioRestController - Listando todos los usuarios
2026-05-24 01:04:21.684 [http-nio-8080-exec-10] DEBUG UsuarioServiceImpl - Obteniendo DAO de Usuario
2026-05-24 01:04:21.701 [http-nio-8080-exec-9] DEBUG UsuarioRestController - Listando todos los usuarios
2026-05-24 01:04:21.702 [http-nio-8080-exec-9] DEBUG UsuarioServiceImpl - Obteniendo DAO de Usuario
2026-05-24 01:04:21.716 [http-nio-8080-exec-1] DEBUG UsuarioRestController - Listando todos los usuarios
2026-05-24 01:04:21.717 [http-nio-8080-exec-1] DEBUG UsuarioServiceImpl - Obteniendo DAO de Usuario
2026-05-24 01:04:21.733 [http-nio-8080-exec-3] DEBUG UsuarioRestController - Listando todos los usuarios
2026-05-24 01:04:21.734 [http-nio-8080-exec-3] DEBUG UsuarioServiceImpl - Obteniendo DAO de Usuario
2026-05-24 01:04:21.756 [http-nio-8080-exec-2] DEBUG UsuarioRestController - Listando todos los usuarios
2026-05-24 01:04:21.756 [http-nio-8080-exec-2] DEBUG UsuarioServiceImpl - Obteniendo DAO de Usuario
2026-05-24 01:04:21.770 [http-nio-8080-exec-5] DEBUG UsuarioRestController - Listando todos los usuarios
2026-05-24 01:04:21.770 [http-nio-8080-exec-5] DEBUG UsuarioServiceImpl - Obteniendo DAO de Usuario
2026-05-24 01:04:21.783 [http-nio-8080-exec-6] DEBUG UsuarioRestController - Listando todos los usuarios
2026-05-24 01:04:21.783 [http-nio-8080-exec-6] DEBUG UsuarioServiceImpl - Obteniendo DAO de Usuario
2026-05-24 01:04:21.799 [http-nio-8080-exec-7] DEBUG UsuarioRestController - Listando todos los usuarios
2026-05-24 01:04:21.799 [http-nio-8080-exec-7] DEBUG UsuarioServiceImpl - Obteniendo DAO de Usuario
2026-05-24 01:04:21.814 [http-nio-8080-exec-4] DEBUG UsuarioRestController - Listando todos los usuarios
2026-05-24 01:04:21.814 [http-nio-8080-exec-4] DEBUG UsuarioServiceImpl - Obteniendo DAO de Usuario
2026-05-24 01:04:21.828 [http-nio-8080-exec-8] DEBUG UsuarioRestController - Listando todos los usuarios
2026-05-24 01:04:21.829 [http-nio-8080-exec-8] DEBUG UsuarioServiceImpl - Obteniendo DAO de Usuario
2026-05-24 01:04:21.843 [http-nio-8080-exec-10] DEBUG UsuarioRestController - Listando todos los usuarios
2026-05-24 01:04:21.844 [http-nio-8080-exec-10] DEBUG UsuarioServiceImpl - Obteniendo DAO de Usuario
2026-05-24 01:04:21.857 [http-nio-8080-exec-9] DEBUG UsuarioRestController - Listando todos los usuarios
2026-05-24 01:04:21.858 [http-nio-8080-exec-9] DEBUG UsuarioServiceImpl - Obteniendo DAO de Usuario
2026-05-24 01:04:21.872 [http-nio-8080-exec-1] DEBUG UsuarioRestController - Listando todos los usuarios
2026-05-24 01:04:21.873 [http-nio-8080-exec-1] DEBUG UsuarioServiceImpl - Obteniendo DAO de Usuario
2026-05-24 01:04:21.890 [http-nio-8080-exec-3] DEBUG UsuarioRestController - Listando todos los usuarios
2026-05-24 01:04:21.891 [http-nio-8080-exec-3] DEBUG UsuarioServiceImpl - Obteniendo DAO de Usuario
2026-05-24 01:04:21.909 [http-nio-8080-exec-2] DEBUG UsuarioRestController - Listando todos los usuarios
2026-05-24 01:04:21.909 [http-nio-8080-exec-2] DEBUG UsuarioServiceImpl - Obteniendo DAO de Usuario
2026-05-24 01:04:21.928 [http-nio-8080-exec-5] DEBUG UsuarioRestController - Listando todos los usuarios
2026-05-24 01:04:21.929 [http-nio-8080-exec-5] DEBUG UsuarioServiceImpl - Obteniendo DAO de Usuario
2026-05-24 01:04:21.945 [http-nio-8080-exec-6] DEBUG UsuarioRestController - Listando todos los usuarios
2026-05-24 01:04:21.945 [http-nio-8080-exec-6] DEBUG UsuarioServiceImpl - Obteniendo DAO de Usuario
2026-05-24 01:04:21.961 [http-nio-8080-exec-7] DEBUG UsuarioRestController - Listando todos los usuarios
2026-05-24 01:04:21.962 [http-nio-8080-exec-7] DEBUG UsuarioServiceImpl - Obteniendo DAO de Usuario
2026-05-24 01:04:21.977 [http-nio-8080-exec-4] DEBUG UsuarioRestController - Listando todos los usuarios
2026-05-24 01:04:21.978 [http-nio-8080-exec-4] DEBUG UsuarioServiceImpl - Obteniendo DAO de Usuario
2026-05-24 01:04:21.994 [http-nio-8080-exec-8] DEBUG UsuarioRestController - Listando todos los usuarios
2026-05-24 01:04:21.994 [http-nio-8080-exec-8] DEBUG UsuarioServiceImpl - Obteniendo DAO de Usuario
2026-05-24 01:04:22.008 [http-nio-8080-exec-10] DEBUG UsuarioRestController - Listando todos los usuarios
2026-05-24 01:04:22.008 [http-nio-8080-exec-10] DEBUG UsuarioServiceImpl - Obteniendo DAO de Usuario
2026-05-24 01:04:22.022 [http-nio-8080-exec-9] DEBUG UsuarioRestController - Listando todos los usuarios
2026-05-24 01:04:22.023 [http-nio-8080-exec-9] DEBUG UsuarioServiceImpl - Obteniendo DAO de Usuario
2026-05-24 01:04:22.034 [http-nio-8080-exec-1] DEBUG UsuarioRestController - Listando todos los usuarios
2026-05-24 01:04:22.034 [http-nio-8080-exec-1] DEBUG UsuarioServiceImpl - Obteniendo DAO de Usuario
2026-05-24 01:04:22.046 [http-nio-8080-exec-3] DEBUG UsuarioRestController - Listando todos los usuarios
2026-05-24 01:04:22.046 [http-nio-8080-exec-3] DEBUG UsuarioServiceImpl - Obteniendo DAO de Usuario
2026-05-24 01:04:22.058 [http-nio-8080-exec-2] DEBUG UsuarioRestController - Listando todos los usuarios
2026-05-24 01:04:22.058 [http-nio-8080-exec-2] DEBUG UsuarioServiceImpl - Obteniendo DAO de Usuario
2026-05-24 01:04:22.070 [http-nio-8080-exec-5] DEBUG UsuarioRestController - Listando todos los usuarios
2026-05-24 01:04:22.071 [http-nio-8080-exec-5] DEBUG UsuarioServiceImpl - Obteniendo DAO de Usuario
2026-05-24 01:04:22.087 [http-nio-8080-exec-6] DEBUG UsuarioRestController - Listando todos los usuarios
2026-05-24 01:04:22.088 [http-nio-8080-exec-6] DEBUG UsuarioServiceImpl - Obteniendo DAO de Usuario
2026-05-24 01:04:22.100 [http-nio-8080-exec-7] DEBUG UsuarioRestController - Listando todos los usuarios
2026-05-24 01:04:22.101 [http-nio-8080-exec-7] DEBUG UsuarioServiceImpl - Obteniendo DAO de Usuario
2026-05-24 01:04:22.115 [http-nio-8080-exec-4] DEBUG UsuarioRestController - Listando todos los usuarios
2026-05-24 01:04:22.115 [http-nio-8080-exec-4] DEBUG UsuarioServiceImpl - Obteniendo DAO de Usuario
2026-05-24 01:04:22.129 [http-nio-8080-exec-8] DEBUG UsuarioRestController - Listando todos los usuarios
2026-05-24 01:04:22.129 [http-nio-8080-exec-8] DEBUG UsuarioServiceImpl - Obteniendo DAO de Usuario
2026-05-24 01:04:22.142 [http-nio-8080-exec-10] DEBUG UsuarioRestController - Listando todos los usuarios
2026-05-24 01:04:22.143 [http-nio-8080-exec-10] DEBUG UsuarioServiceImpl - Obteniendo DAO de Usuario
2026-05-24 01:04:22.155 [http-nio-8080-exec-9] DEBUG UsuarioRestController - Listando todos los usuarios
2026-05-24 01:04:22.156 [http-nio-8080-exec-9] DEBUG UsuarioServiceImpl - Obteniendo DAO de Usuario
2026-05-24 01:04:22.169 [http-nio-8080-exec-1] DEBUG UsuarioRestController - Listando todos los usuarios
2026-05-24 01:04:22.169 [http-nio-8080-exec-1] DEBUG UsuarioServiceImpl - Obteniendo DAO de Usuario
2026-05-24 01:04:22.184 [http-nio-8080-exec-3] DEBUG UsuarioRestController - Listando todos los usuarios
2026-05-24 01:04:22.184 [http-nio-8080-exec-3] DEBUG UsuarioServiceImpl - Obteniendo DAO de Usuario
2026-05-24 01:04:22.196 [http-nio-8080-exec-2] DEBUG UsuarioRestController - Listando todos los usuarios
2026-05-24 01:04:22.197 [http-nio-8080-exec-2] DEBUG UsuarioServiceImpl - Obteniendo DAO de Usuario
2026-05-24 01:04:22.209 [http-nio-8080-exec-5] DEBUG UsuarioRestController - Listando todos los usuarios
2026-05-24 01:04:22.209 [http-nio-8080-exec-5] DEBUG UsuarioServiceImpl - Obteniendo DAO de Usuario
2026-05-24 01:04:22.219 [http-nio-8080-exec-6] DEBUG UsuarioRestController - Listando todos los usuarios
2026-05-24 01:04:22.220 [http-nio-8080-exec-6] DEBUG UsuarioServiceImpl - Obteniendo DAO de Usuario
2026-05-24 01:04:22.231 [http-nio-8080-exec-7] DEBUG UsuarioRestController - Listando todos los usuarios
2026-05-24 01:04:22.232 [http-nio-8080-exec-7] DEBUG UsuarioServiceImpl - Obteniendo DAO de Usuario
2026-05-24 01:04:22.242 [http-nio-8080-exec-4] DEBUG UsuarioRestController - Listando todos los usuarios
2026-05-24 01:04:22.242 [http-nio-8080-exec-4] DEBUG UsuarioServiceImpl - Obteniendo DAO de Usuario
2026-05-24 01:04:22.252 [http-nio-8080-exec-8] DEBUG UsuarioRestController - Listando todos los usuarios
2026-05-24 01:04:22.253 [http-nio-8080-exec-8] DEBUG UsuarioServiceImpl - Obteniendo DAO de Usuario
2026-05-24 01:04:22.265 [http-nio-8080-exec-10] DEBUG UsuarioRestController - Listando todos los usuarios
2026-05-24 01:04:22.266 [http-nio-8080-exec-10] DEBUG UsuarioServiceImpl - Obteniendo DAO de Usuario
2026-05-24 01:04:22.278 [http-nio-8080-exec-9] DEBUG UsuarioRestController - Listando todos los usuarios
2026-05-24 01:04:22.278 [http-nio-8080-exec-9] DEBUG UsuarioServiceImpl - Obteniendo DAO de Usuario
2026-05-24 01:04:22.291 [http-nio-8080-exec-1] DEBUG UsuarioRestController - Listando todos los usuarios
2026-05-24 01:04:22.291 [http-nio-8080-exec-1] DEBUG UsuarioServiceImpl - Obteniendo DAO de Usuario
2026-05-24 01:04:22.302 [http-nio-8080-exec-3] DEBUG UsuarioRestController - Listando todos los usuarios
2026-05-24 01:04:22.302 [http-nio-8080-exec-3] DEBUG UsuarioServiceImpl - Obteniendo DAO de Usuario
2026-05-24 01:04:22.314 [http-nio-8080-exec-2] DEBUG UsuarioRestController - Listando todos los usuarios
2026-05-24 01:04:22.314 [http-nio-8080-exec-2] DEBUG UsuarioServiceImpl - Obteniendo DAO de Usuario
2026-05-24 01:04:22.325 [http-nio-8080-exec-5] DEBUG UsuarioRestController - Listando todos los usuarios
2026-05-24 01:04:22.326 [http-nio-8080-exec-5] DEBUG UsuarioServiceImpl - Obteniendo DAO de Usuario
2026-05-24 01:04:22.341 [http-nio-8080-exec-6] DEBUG UsuarioRestController - Listando todos los usuarios
2026-05-24 01:04:22.341 [http-nio-8080-exec-6] DEBUG UsuarioServiceImpl - Obteniendo DAO de Usuario
2026-05-24 01:04:22.359 [http-nio-8080-exec-7] DEBUG UsuarioRestController - Listando todos los usuarios
2026-05-24 01:04:22.360 [http-nio-8080-exec-7] DEBUG UsuarioServiceImpl - Obteniendo DAO de Usuario
2026-05-24 01:04:22.381 [http-nio-8080-exec-4] DEBUG UsuarioRestController - Listando todos los usuarios
2026-05-24 01:04:22.381 [http-nio-8080-exec-4] DEBUG UsuarioServiceImpl - Obteniendo DAO de Usuario
2026-05-24 01:04:22.398 [http-nio-8080-exec-8] DEBUG UsuarioRestController - Listando todos los usuarios
2026-05-24 01:04:22.398 [http-nio-8080-exec-8] DEBUG UsuarioServiceImpl - Obteniendo DAO de Usuario
2026-05-24 01:04:22.413 [http-nio-8080-exec-10] DEBUG UsuarioRestController - Listando todos los usuarios
2026-05-24 01:04:22.413 [http-nio-8080-exec-10] DEBUG UsuarioServiceImpl - Obteniendo DAO de Usuario
2026-05-24 01:04:22.426 [http-nio-8080-exec-9] DEBUG UsuarioRestController - Listando todos los usuarios
2026-05-24 01:04:22.426 [http-nio-8080-exec-9] DEBUG UsuarioServiceImpl - Obteniendo DAO de Usuario
2026-05-24 01:04:22.448 [http-nio-8080-exec-1] DEBUG UsuarioRestController - Listando todos los usuarios
2026-05-24 01:04:22.448 [http-nio-8080-exec-1] DEBUG UsuarioServiceImpl - Obteniendo DAO de Usuario
2026-05-24 01:04:22.462 [http-nio-8080-exec-3] DEBUG UsuarioRestController - Listando todos los usuarios
2026-05-24 01:04:22.463 [http-nio-8080-exec-3] DEBUG UsuarioServiceImpl - Obteniendo DAO de Usuario
2026-05-24 01:04:22.472 [http-nio-8080-exec-2] DEBUG UsuarioRestController - Listando todos los usuarios
2026-05-24 01:04:22.472 [http-nio-8080-exec-2] DEBUG UsuarioServiceImpl - Obteniendo DAO de Usuario
2026-05-24 01:04:22.482 [http-nio-8080-exec-5] DEBUG UsuarioRestController - Listando todos los usuarios
2026-05-24 01:04:22.482 [http-nio-8080-exec-5] DEBUG UsuarioServiceImpl - Obteniendo DAO de Usuario
2026-05-24 01:04:22.494 [http-nio-8080-exec-6] DEBUG UsuarioRestController - Listando todos los usuarios
2026-05-24 01:04:22.495 [http-nio-8080-exec-6] DEBUG UsuarioServiceImpl - Obteniendo DAO de Usuario
2026-05-24 01:04:22.506 [http-nio-8080-exec-7] DEBUG UsuarioRestController - Listando todos los usuarios
2026-05-24 01:04:22.506 [http-nio-8080-exec-7] DEBUG UsuarioServiceImpl - Obteniendo DAO de Usuario
2026-05-24 01:04:22.515 [http-nio-8080-exec-4] DEBUG UsuarioRestController - Listando todos los usuarios
2026-05-24 01:04:22.516 [http-nio-8080-exec-4] DEBUG UsuarioServiceImpl - Obteniendo DAO de Usuario
2026-05-24 01:04:22.527 [http-nio-8080-exec-8] DEBUG UsuarioRestController - Listando todos los usuarios
2026-05-24 01:04:22.527 [http-nio-8080-exec-8] DEBUG UsuarioServiceImpl - Obteniendo DAO de Usuario
2026-05-24 01:04:22.538 [http-nio-8080-exec-10] DEBUG UsuarioRestController - Listando todos los usuarios
2026-05-24 01:04:22.538 [http-nio-8080-exec-10] DEBUG UsuarioServiceImpl - Obteniendo DAO de Usuario
2026-05-24 01:04:22.549 [http-nio-8080-exec-9] DEBUG UsuarioRestController - Listando todos los usuarios
2026-05-24 01:04:22.550 [http-nio-8080-exec-9] DEBUG UsuarioServiceImpl - Obteniendo DAO de Usuario
2026-05-24 01:04:22.560 [http-nio-8080-exec-1] DEBUG UsuarioRestController - Listando todos los usuarios
2026-05-24 01:04:22.561 [http-nio-8080-exec-1] DEBUG UsuarioServiceImpl - Obteniendo DAO de Usuario
2026-05-24 01:04:22.572 [http-nio-8080-exec-3] DEBUG UsuarioRestController - Listando todos los usuarios
2026-05-24 01:04:22.573 [http-nio-8080-exec-3] DEBUG UsuarioServiceImpl - Obteniendo DAO de Usuario
2026-05-24 01:04:22.585 [http-nio-8080-exec-2] DEBUG UsuarioRestController - Listando todos los usuarios
2026-05-24 01:04:22.585 [http-nio-8080-exec-2] DEBUG UsuarioServiceImpl - Obteniendo DAO de Usuario
2026-05-24 01:04:22.600 [http-nio-8080-exec-5] DEBUG UsuarioRestController - Listando todos los usuarios
2026-05-24 01:04:22.600 [http-nio-8080-exec-5] DEBUG UsuarioServiceImpl - Obteniendo DAO de Usuario
2026-05-24 01:04:22.612 [http-nio-8080-exec-6] DEBUG UsuarioRestController - Listando todos los usuarios
2026-05-24 01:04:22.612 [http-nio-8080-exec-6] DEBUG UsuarioServiceImpl - Obteniendo DAO de Usuario
2026-05-24 01:04:22.624 [http-nio-8080-exec-7] DEBUG UsuarioRestController - Listando todos los usuarios
2026-05-24 01:04:22.625 [http-nio-8080-exec-7] DEBUG UsuarioServiceImpl - Obteniendo DAO de Usuario
2026-05-24 01:04:22.640 [http-nio-8080-exec-4] DEBUG UsuarioRestController - Listando todos los usuarios
2026-05-24 01:04:22.640 [http-nio-8080-exec-4] DEBUG UsuarioServiceImpl - Obteniendo DAO de Usuario
2026-05-24 01:04:22.655 [http-nio-8080-exec-8] DEBUG UsuarioRestController - Listando todos los usuarios
2026-05-24 01:04:22.655 [http-nio-8080-exec-8] DEBUG UsuarioServiceImpl - Obteniendo DAO de Usuario
2026-05-24 01:04:22.668 [http-nio-8080-exec-10] DEBUG UsuarioRestController - Listando todos los usuarios
2026-05-24 01:04:22.669 [http-nio-8080-exec-10] DEBUG UsuarioServiceImpl - Obteniendo DAO de Usuario
2026-05-24 01:04:22.681 [http-nio-8080-exec-9] DEBUG UsuarioRestController - Listando todos los usuarios
2026-05-24 01:04:22.681 [http-nio-8080-exec-9] DEBUG UsuarioServiceImpl - Obteniendo DAO de Usuario
2026-05-24 01:04:22.692 [http-nio-8080-exec-1] DEBUG UsuarioRestController - Listando todos los usuarios
2026-05-24 01:04:22.692 [http-nio-8080-exec-1] DEBUG UsuarioServiceImpl - Obteniendo DAO de Usuario
2026-05-24 01:04:22.704 [http-nio-8080-exec-3] DEBUG UsuarioRestController - Listando todos los usuarios
2026-05-24 01:04:22.706 [http-nio-8080-exec-3] DEBUG UsuarioServiceImpl - Obteniendo DAO de Usuario
2026-05-24 01:04:22.721 [http-nio-8080-exec-2] DEBUG UsuarioRestController - Listando todos los usuarios
2026-05-24 01:04:22.722 [http-nio-8080-exec-2] DEBUG UsuarioServiceImpl - Obteniendo DAO de Usuario
2026-05-24 01:04:22.731 [http-nio-8080-exec-5] DEBUG UsuarioRestController - Listando todos los usuarios
2026-05-24 01:04:22.731 [http-nio-8080-exec-5] DEBUG UsuarioServiceImpl - Obteniendo DAO de Usuario
2026-05-24 01:04:22.742 [http-nio-8080-exec-6] DEBUG UsuarioRestController - Listando todos los usuarios
2026-05-24 01:04:22.742 [http-nio-8080-exec-6] DEBUG UsuarioServiceImpl - Obteniendo DAO de Usuario
2026-05-24 01:04:22.753 [http-nio-8080-exec-7] DEBUG UsuarioRestController - Listando todos los usuarios
2026-05-24 01:04:22.754 [http-nio-8080-exec-7] DEBUG UsuarioServiceImpl - Obteniendo DAO de Usuario
2026-05-24 01:04:22.764 [http-nio-8080-exec-4] DEBUG UsuarioRestController - Listando todos los usuarios
2026-05-24 01:04:22.764 [http-nio-8080-exec-4] DEBUG UsuarioServiceImpl - Obteniendo DAO de Usuario
2026-05-24 01:04:22.775 [http-nio-8080-exec-8] DEBUG UsuarioRestController - Listando todos los usuarios
2026-05-24 01:04:22.775 [http-nio-8080-exec-8] DEBUG UsuarioServiceImpl - Obteniendo DAO de Usuario
2026-05-24 01:04:22.789 [http-nio-8080-exec-10] DEBUG UsuarioRestController - Listando todos los usuarios
2026-05-24 01:04:22.789 [http-nio-8080-exec-10] DEBUG UsuarioServiceImpl - Obteniendo DAO de Usuario
2026-05-24 01:04:22.804 [http-nio-8080-exec-9] DEBUG UsuarioRestController - Listando todos los usuarios
2026-05-24 01:04:22.804 [http-nio-8080-exec-9] DEBUG UsuarioServiceImpl - Obteniendo DAO de Usuario
2026-05-24 01:04:22.816 [http-nio-8080-exec-1] DEBUG UsuarioRestController - Listando todos los usuarios
2026-05-24 01:04:22.816 [http-nio-8080-exec-1] DEBUG UsuarioServiceImpl - Obteniendo DAO de Usuario
2026-05-24 01:04:22.828 [http-nio-8080-exec-3] DEBUG UsuarioRestController - Listando todos los usuarios
2026-05-24 01:04:22.829 [http-nio-8080-exec-3] DEBUG UsuarioServiceImpl - Obteniendo DAO de Usuario
2026-05-24 01:04:22.841 [http-nio-8080-exec-2] DEBUG UsuarioRestController - Listando todos los usuarios
2026-05-24 01:04:22.842 [http-nio-8080-exec-2] DEBUG UsuarioServiceImpl - Obteniendo DAO de Usuario
2026-05-24 01:04:22.854 [http-nio-8080-exec-5] DEBUG UsuarioRestController - Listando todos los usuarios
2026-05-24 01:04:22.854 [http-nio-8080-exec-5] DEBUG UsuarioServiceImpl - Obteniendo DAO de Usuario
2026-05-24 01:04:22.868 [http-nio-8080-exec-6] DEBUG UsuarioRestController - Listando todos los usuarios
2026-05-24 01:04:22.868 [http-nio-8080-exec-6] DEBUG UsuarioServiceImpl - Obteniendo DAO de Usuario
2026-05-24 01:04:22.882 [http-nio-8080-exec-7] DEBUG UsuarioRestController - Listando todos los usuarios
2026-05-24 01:04:22.882 [http-nio-8080-exec-7] DEBUG UsuarioServiceImpl - Obteniendo DAO de Usuario
2026-05-24 01:04:22.894 [http-nio-8080-exec-4] DEBUG UsuarioRestController - Listando todos los usuarios
2026-05-24 01:04:22.894 [http-nio-8080-exec-4] DEBUG UsuarioServiceImpl - Obteniendo DAO de Usuario
2026-05-24 01:04:22.906 [http-nio-8080-exec-8] DEBUG UsuarioRestController - Listando todos los usuarios
2026-05-24 01:04:22.906 [http-nio-8080-exec-8] DEBUG UsuarioServiceImpl - Obteniendo DAO de Usuario
2026-05-24 01:04:22.919 [http-nio-8080-exec-10] DEBUG UsuarioRestController - Listando todos los usuarios
2026-05-24 01:04:22.919 [http-nio-8080-exec-10] DEBUG UsuarioServiceImpl - Obteniendo DAO de Usuario
2026-05-24 01:04:22.932 [http-nio-8080-exec-9] DEBUG UsuarioRestController - Listando todos los usuarios
2026-05-24 01:04:22.932 [http-nio-8080-exec-9] DEBUG UsuarioServiceImpl - Obteniendo DAO de Usuario
2026-05-24 01:04:22.947 [http-nio-8080-exec-1] DEBUG UsuarioRestController - Listando todos los usuarios
2026-05-24 01:04:22.947 [http-nio-8080-exec-1] DEBUG UsuarioServiceImpl - Obteniendo DAO de Usuario
2026-05-24 01:04:22.959 [http-nio-8080-exec-3] DEBUG UsuarioRestController - Listando todos los usuarios
2026-05-24 01:04:22.959 [http-nio-8080-exec-3] DEBUG UsuarioServiceImpl - Obteniendo DAO de Usuario
2026-05-24 01:04:22.972 [http-nio-8080-exec-2] DEBUG UsuarioRestController - Listando todos los usuarios
2026-05-24 01:04:22.972 [http-nio-8080-exec-2] DEBUG UsuarioServiceImpl - Obteniendo DAO de Usuario
2026-05-24 01:04:22.988 [http-nio-8080-exec-5] DEBUG UsuarioRestController - Listando todos los usuarios
2026-05-24 01:04:22.989 [http-nio-8080-exec-5] DEBUG UsuarioServiceImpl - Obteniendo DAO de Usuario
2026-05-24 01:04:23.007 [http-nio-8080-exec-6] DEBUG UsuarioRestController - Listando todos los usuarios
2026-05-24 01:04:23.007 [http-nio-8080-exec-6] DEBUG UsuarioServiceImpl - Obteniendo DAO de Usuario
2026-05-24 01:04:23.028 [http-nio-8080-exec-7] DEBUG UsuarioRestController - Listando todos los usuarios
2026-05-24 01:04:23.028 [http-nio-8080-exec-7] DEBUG UsuarioServiceImpl - Obteniendo DAO de Usuario
2026-05-24 01:04:23.044 [http-nio-8080-exec-4] DEBUG UsuarioRestController - Listando todos los usuarios
2026-05-24 01:04:23.044 [http-nio-8080-exec-4] DEBUG UsuarioServiceImpl - Obteniendo DAO de Usuario
2026-05-24 01:04:23.066 [http-nio-8080-exec-8] DEBUG UsuarioRestController - Listando todos los usuarios
2026-05-24 01:04:23.067 [http-nio-8080-exec-8] DEBUG UsuarioServiceImpl - Obteniendo DAO de Usuario
2026-05-24 01:04:23.093 [http-nio-8080-exec-10] DEBUG UsuarioRestController - Listando todos los usuarios
2026-05-24 01:04:23.094 [http-nio-8080-exec-10] DEBUG UsuarioServiceImpl - Obteniendo DAO de Usuario
2026-05-24 01:04:23.115 [http-nio-8080-exec-9] DEBUG UsuarioRestController - Listando todos los usuarios
2026-05-24 01:04:23.115 [http-nio-8080-exec-9] DEBUG UsuarioServiceImpl - Obteniendo DAO de Usuario
2026-05-24 01:04:23.138 [http-nio-8080-exec-1] DEBUG UsuarioRestController - Listando todos los usuarios
2026-05-24 01:04:23.140 [http-nio-8080-exec-1] DEBUG UsuarioServiceImpl - Obteniendo DAO de Usuario
2026-05-24 01:04:23.159 [http-nio-8080-exec-3] DEBUG UsuarioRestController - Listando todos los usuarios
2026-05-24 01:04:23.159 [http-nio-8080-exec-3] DEBUG UsuarioServiceImpl - Obteniendo DAO de Usuario
2026-05-24 01:04:23.176 [http-nio-8080-exec-2] DEBUG UsuarioRestController - Listando todos los usuarios
2026-05-24 01:04:23.176 [http-nio-8080-exec-2] DEBUG UsuarioServiceImpl - Obteniendo DAO de Usuario
2026-05-24 01:04:23.187 [http-nio-8080-exec-5] DEBUG UsuarioRestController - Listando todos los usuarios
2026-05-24 01:04:23.188 [http-nio-8080-exec-5] DEBUG UsuarioServiceImpl - Obteniendo DAO de Usuario
2026-05-24 01:04:23.199 [http-nio-8080-exec-6] DEBUG UsuarioRestController - Listando todos los usuarios
2026-05-24 01:04:23.199 [http-nio-8080-exec-6] DEBUG UsuarioServiceImpl - Obteniendo DAO de Usuario
2026-05-24 01:04:23.213 [http-nio-8080-exec-7] DEBUG UsuarioRestController - Listando todos los usuarios
2026-05-24 01:04:23.213 [http-nio-8080-exec-7] DEBUG UsuarioServiceImpl - Obteniendo DAO de Usuario
2026-05-24 01:04:23.225 [http-nio-8080-exec-4] DEBUG UsuarioRestController - Listando todos los usuarios
2026-05-24 01:04:23.226 [http-nio-8080-exec-4] DEBUG UsuarioServiceImpl - Obteniendo DAO de Usuario
2026-05-24 01:04:23.244 [http-nio-8080-exec-8] DEBUG UsuarioRestController - Listando todos los usuarios
2026-05-24 01:04:23.244 [http-nio-8080-exec-8] DEBUG UsuarioServiceImpl - Obteniendo DAO de Usuario
2026-05-24 01:04:23.272 [http-nio-8080-exec-10] DEBUG UsuarioRestController - Listando todos los usuarios
2026-05-24 01:04:23.272 [http-nio-8080-exec-10] DEBUG UsuarioServiceImpl - Obteniendo DAO de Usuario
2026-05-24 01:04:23.295 [http-nio-8080-exec-9] DEBUG UsuarioRestController - Listando todos los usuarios
2026-05-24 01:04:23.295 [http-nio-8080-exec-9] DEBUG UsuarioServiceImpl - Obteniendo DAO de Usuario
2026-05-24 01:04:23.311 [http-nio-8080-exec-1] DEBUG UsuarioRestController - Listando todos los usuarios
2026-05-24 01:04:23.312 [http-nio-8080-exec-1] DEBUG UsuarioServiceImpl - Obteniendo DAO de Usuario
2026-05-24 01:04:23.325 [http-nio-8080-exec-3] DEBUG UsuarioRestController - Listando todos los usuarios
2026-05-24 01:04:23.325 [http-nio-8080-exec-3] DEBUG UsuarioServiceImpl - Obteniendo DAO de Usuario
2026-05-24 01:04:23.337 [http-nio-8080-exec-2] DEBUG UsuarioRestController - Listando todos los usuarios
2026-05-24 01:04:23.337 [http-nio-8080-exec-2] DEBUG UsuarioServiceImpl - Obteniendo DAO de Usuario
2026-05-24 01:04:23.351 [http-nio-8080-exec-5] DEBUG UsuarioRestController - Listando todos los usuarios
2026-05-24 01:04:23.351 [http-nio-8080-exec-5] DEBUG UsuarioServiceImpl - Obteniendo DAO de Usuario
2026-05-24 01:04:23.366 [http-nio-8080-exec-6] DEBUG UsuarioRestController - Listando todos los usuarios
2026-05-24 01:04:23.366 [http-nio-8080-exec-6] DEBUG UsuarioServiceImpl - Obteniendo DAO de Usuario
2026-05-24 01:04:23.381 [http-nio-8080-exec-7] DEBUG UsuarioRestController - Listando todos los usuarios
2026-05-24 01:04:23.382 [http-nio-8080-exec-7] DEBUG UsuarioServiceImpl - Obteniendo DAO de Usuario
2026-05-24 01:04:23.395 [http-nio-8080-exec-4] DEBUG UsuarioRestController - Listando todos los usuarios
2026-05-24 01:04:23.395 [http-nio-8080-exec-4] DEBUG UsuarioServiceImpl - Obteniendo DAO de Usuario
2026-05-24 01:04:23.408 [http-nio-8080-exec-8] DEBUG UsuarioRestController - Listando todos los usuarios
2026-05-24 01:04:23.408 [http-nio-8080-exec-8] DEBUG UsuarioServiceImpl - Obteniendo DAO de Usuario
2026-05-24 01:04:23.420 [http-nio-8080-exec-10] DEBUG UsuarioRestController - Listando todos los usuarios
2026-05-24 01:04:23.420 [http-nio-8080-exec-10] DEBUG UsuarioServiceImpl - Obteniendo DAO de Usuario
2026-05-24 01:04:23.432 [http-nio-8080-exec-9] DEBUG UsuarioRestController - Listando todos los usuarios
2026-05-24 01:04:23.432 [http-nio-8080-exec-9] DEBUG UsuarioServiceImpl - Obteniendo DAO de Usuario
2026-05-24 01:04:23.443 [http-nio-8080-exec-1] DEBUG UsuarioRestController - Listando todos los usuarios
2026-05-24 01:04:23.443 [http-nio-8080-exec-1] DEBUG UsuarioServiceImpl - Obteniendo DAO de Usuario
2026-05-24 01:04:23.457 [http-nio-8080-exec-3] DEBUG UsuarioRestController - Listando todos los usuarios
2026-05-24 01:04:23.457 [http-nio-8080-exec-3] DEBUG UsuarioServiceImpl - Obteniendo DAO de Usuario
2026-05-24 01:04:23.471 [http-nio-8080-exec-2] DEBUG UsuarioRestController - Listando todos los usuarios
2026-05-24 01:04:23.471 [http-nio-8080-exec-2] DEBUG UsuarioServiceImpl - Obteniendo DAO de Usuario
2026-05-24 01:04:23.481 [http-nio-8080-exec-5] DEBUG UsuarioRestController - Listando todos los usuarios
2026-05-24 01:04:23.481 [http-nio-8080-exec-5] DEBUG UsuarioServiceImpl - Obteniendo DAO de Usuario
2026-05-24 01:04:23.495 [http-nio-8080-exec-6] DEBUG UsuarioRestController - Listando todos los usuarios
2026-05-24 01:04:23.495 [http-nio-8080-exec-6] DEBUG UsuarioServiceImpl - Obteniendo DAO de Usuario
2026-05-24 01:04:23.508 [http-nio-8080-exec-7] DEBUG UsuarioRestController - Listando todos los usuarios
2026-05-24 01:04:23.509 [http-nio-8080-exec-7] DEBUG UsuarioServiceImpl - Obteniendo DAO de Usuario
2026-05-24 01:04:23.521 [http-nio-8080-exec-4] DEBUG UsuarioRestController - Listando todos los usuarios
2026-05-24 01:04:23.522 [http-nio-8080-exec-4] DEBUG UsuarioServiceImpl - Obteniendo DAO de Usuario
2026-05-24 01:04:23.534 [http-nio-8080-exec-8] DEBUG UsuarioRestController - Listando todos los usuarios
2026-05-24 01:04:23.534 [http-nio-8080-exec-8] DEBUG UsuarioServiceImpl - Obteniendo DAO de Usuario
2026-05-24 01:04:23.545 [http-nio-8080-exec-10] DEBUG UsuarioRestController - Listando todos los usuarios
2026-05-24 01:04:23.545 [http-nio-8080-exec-10] DEBUG UsuarioServiceImpl - Obteniendo DAO de Usuario
2026-05-24 01:04:23.557 [http-nio-8080-exec-9] DEBUG UsuarioRestController - Listando todos los usuarios
2026-05-24 01:04:23.557 [http-nio-8080-exec-9] DEBUG UsuarioServiceImpl - Obteniendo DAO de Usuario
2026-05-24 01:04:23.567 [http-nio-8080-exec-1] DEBUG UsuarioRestController - Listando todos los usuarios
2026-05-24 01:04:23.568 [http-nio-8080-exec-1] DEBUG UsuarioServiceImpl - Obteniendo DAO de Usuario
2026-05-24 01:04:23.579 [http-nio-8080-exec-3] DEBUG UsuarioRestController - Listando todos los usuarios
2026-05-24 01:04:23.579 [http-nio-8080-exec-3] DEBUG UsuarioServiceImpl - Obteniendo DAO de Usuario
2026-05-24 01:04:23.590 [http-nio-8080-exec-2] DEBUG UsuarioRestController - Listando todos los usuarios
2026-05-24 01:04:23.590 [http-nio-8080-exec-2] DEBUG UsuarioServiceImpl - Obteniendo DAO de Usuario
2026-05-24 01:04:23.601 [http-nio-8080-exec-5] DEBUG UsuarioRestController - Listando todos los usuarios
2026-05-24 01:04:23.602 [http-nio-8080-exec-5] DEBUG UsuarioServiceImpl - Obteniendo DAO de Usuario
2026-05-24 01:04:23.612 [http-nio-8080-exec-6] DEBUG UsuarioRestController - Listando todos los usuarios
2026-05-24 01:04:23.613 [http-nio-8080-exec-6] DEBUG UsuarioServiceImpl - Obteniendo DAO de Usuario
2026-05-24 01:04:23.624 [http-nio-8080-exec-7] DEBUG UsuarioRestController - Listando todos los usuarios
2026-05-24 01:04:23.624 [http-nio-8080-exec-7] DEBUG UsuarioServiceImpl - Obteniendo DAO de Usuario
2026-05-24 01:04:23.635 [http-nio-8080-exec-4] DEBUG UsuarioRestController - Listando todos los usuarios
2026-05-24 01:04:23.635 [http-nio-8080-exec-4] DEBUG UsuarioServiceImpl - Obteniendo DAO de Usuario
2026-05-24 01:04:23.647 [http-nio-8080-exec-8] DEBUG UsuarioRestController - Listando todos los usuarios
2026-05-24 01:04:23.647 [http-nio-8080-exec-8] DEBUG UsuarioServiceImpl - Obteniendo DAO de Usuario
2026-05-24 01:04:23.659 [http-nio-8080-exec-10] DEBUG UsuarioRestController - Listando todos los usuarios
2026-05-24 01:04:23.659 [http-nio-8080-exec-10] DEBUG UsuarioServiceImpl - Obteniendo DAO de Usuario
2026-05-24 01:04:23.673 [http-nio-8080-exec-9] DEBUG UsuarioRestController - Listando todos los usuarios
2026-05-24 01:04:23.674 [http-nio-8080-exec-9] DEBUG UsuarioServiceImpl - Obteniendo DAO de Usuario
2026-05-24 01:04:23.687 [http-nio-8080-exec-1] DEBUG UsuarioRestController - Listando todos los usuarios
2026-05-24 01:04:23.687 [http-nio-8080-exec-1] DEBUG UsuarioServiceImpl - Obteniendo DAO de Usuario
2026-05-24 01:04:23.702 [http-nio-8080-exec-3] DEBUG UsuarioRestController - Listando todos los usuarios
2026-05-24 01:04:23.702 [http-nio-8080-exec-3] DEBUG UsuarioServiceImpl - Obteniendo DAO de Usuario
2026-05-24 01:04:23.714 [http-nio-8080-exec-2] DEBUG UsuarioRestController - Listando todos los usuarios
2026-05-24 01:04:23.714 [http-nio-8080-exec-2] DEBUG UsuarioServiceImpl - Obteniendo DAO de Usuario
2026-05-24 01:04:23.726 [http-nio-8080-exec-5] DEBUG UsuarioRestController - Listando todos los usuarios
2026-05-24 01:04:23.726 [http-nio-8080-exec-5] DEBUG UsuarioServiceImpl - Obteniendo DAO de Usuario
2026-05-24 01:04:23.738 [http-nio-8080-exec-6] DEBUG UsuarioRestController - Listando todos los usuarios
2026-05-24 01:04:23.739 [http-nio-8080-exec-6] DEBUG UsuarioServiceImpl - Obteniendo DAO de Usuario
2026-05-24 01:04:23.750 [http-nio-8080-exec-7] DEBUG UsuarioRestController - Listando todos los usuarios
2026-05-24 01:04:23.750 [http-nio-8080-exec-7] DEBUG UsuarioServiceImpl - Obteniendo DAO de Usuario
2026-05-24 01:04:23.763 [http-nio-8080-exec-4] DEBUG UsuarioRestController - Listando todos los usuarios
2026-05-24 01:04:23.763 [http-nio-8080-exec-4] DEBUG UsuarioServiceImpl - Obteniendo DAO de Usuario
2026-05-24 01:04:23.775 [http-nio-8080-exec-8] DEBUG UsuarioRestController - Listando todos los usuarios
2026-05-24 01:04:23.775 [http-nio-8080-exec-8] DEBUG UsuarioServiceImpl - Obteniendo DAO de Usuario
2026-05-24 01:04:23.786 [http-nio-8080-exec-10] DEBUG UsuarioRestController - Listando todos los usuarios
2026-05-24 01:04:23.786 [http-nio-8080-exec-10] DEBUG UsuarioServiceImpl - Obteniendo DAO de Usuario
2026-05-24 01:04:23.797 [http-nio-8080-exec-9] DEBUG UsuarioRestController - Listando todos los usuarios
2026-05-24 01:04:23.798 [http-nio-8080-exec-9] DEBUG UsuarioServiceImpl - Obteniendo DAO de Usuario
2026-05-24 01:04:23.810 [http-nio-8080-exec-1] DEBUG UsuarioRestController - Listando todos los usuarios
2026-05-24 01:04:23.811 [http-nio-8080-exec-1] DEBUG UsuarioServiceImpl - Obteniendo DAO de Usuario
2026-05-24 01:04:23.823 [http-nio-8080-exec-3] DEBUG UsuarioRestController - Listando todos los usuarios
2026-05-24 01:04:23.824 [http-nio-8080-exec-3] DEBUG UsuarioServiceImpl - Obteniendo DAO de Usuario
2026-05-24 01:04:23.836 [http-nio-8080-exec-2] DEBUG UsuarioRestController - Listando todos los usuarios
2026-05-24 01:04:23.836 [http-nio-8080-exec-2] DEBUG UsuarioServiceImpl - Obteniendo DAO de Usuario
2026-05-24 01:04:23.847 [http-nio-8080-exec-5] DEBUG UsuarioRestController - Listando todos los usuarios
2026-05-24 01:04:23.847 [http-nio-8080-exec-5] DEBUG UsuarioServiceImpl - Obteniendo DAO de Usuario
2026-05-24 01:04:23.858 [http-nio-8080-exec-6] DEBUG UsuarioRestController - Listando todos los usuarios
2026-05-24 01:04:23.858 [http-nio-8080-exec-6] DEBUG UsuarioServiceImpl - Obteniendo DAO de Usuario
2026-05-24 01:04:23.870 [http-nio-8080-exec-7] DEBUG UsuarioRestController - Listando todos los usuarios
2026-05-24 01:04:23.870 [http-nio-8080-exec-7] DEBUG UsuarioServiceImpl - Obteniendo DAO de Usuario
2026-05-24 01:04:23.882 [http-nio-8080-exec-4] DEBUG UsuarioRestController - Listando todos los usuarios
2026-05-24 01:04:23.882 [http-nio-8080-exec-4] DEBUG UsuarioServiceImpl - Obteniendo DAO de Usuario
2026-05-24 01:04:23.895 [http-nio-8080-exec-8] DEBUG UsuarioRestController - Listando todos los usuarios
2026-05-24 01:04:23.895 [http-nio-8080-exec-8] DEBUG UsuarioServiceImpl - Obteniendo DAO de Usuario
2026-05-24 01:04:23.905 [http-nio-8080-exec-10] DEBUG UsuarioRestController - Listando todos los usuarios
2026-05-24 01:04:23.905 [http-nio-8080-exec-10] DEBUG UsuarioServiceImpl - Obteniendo DAO de Usuario
2026-05-24 01:04:23.915 [http-nio-8080-exec-9] DEBUG UsuarioRestController - Listando todos los usuarios
2026-05-24 01:04:23.915 [http-nio-8080-exec-9] DEBUG UsuarioServiceImpl - Obteniendo DAO de Usuario
2026-05-24 01:04:23.926 [http-nio-8080-exec-1] DEBUG UsuarioRestController - Listando todos los usuarios
2026-05-24 01:04:23.926 [http-nio-8080-exec-1] DEBUG UsuarioServiceImpl - Obteniendo DAO de Usuario
2026-05-24 01:04:23.937 [http-nio-8080-exec-3] DEBUG UsuarioRestController - Listando todos los usuarios
2026-05-24 01:04:23.937 [http-nio-8080-exec-3] DEBUG UsuarioServiceImpl - Obteniendo DAO de Usuario
2026-05-24 01:04:23.949 [http-nio-8080-exec-2] DEBUG UsuarioRestController - Listando todos los usuarios
2026-05-24 01:04:23.950 [http-nio-8080-exec-2] DEBUG UsuarioServiceImpl - Obteniendo DAO de Usuario
2026-05-24 01:04:23.960 [http-nio-8080-exec-5] DEBUG UsuarioRestController - Listando todos los usuarios
2026-05-24 01:04:23.960 [http-nio-8080-exec-5] DEBUG UsuarioServiceImpl - Obteniendo DAO de Usuario
2026-05-24 01:04:23.970 [http-nio-8080-exec-6] DEBUG UsuarioRestController - Listando todos los usuarios
2026-05-24 01:04:23.971 [http-nio-8080-exec-6] DEBUG UsuarioServiceImpl - Obteniendo DAO de Usuario
2026-05-24 01:04:23.982 [http-nio-8080-exec-7] DEBUG UsuarioRestController - Listando todos los usuarios
2026-05-24 01:04:23.983 [http-nio-8080-exec-7] DEBUG UsuarioServiceImpl - Obteniendo DAO de Usuario
2026-05-24 01:04:23.994 [http-nio-8080-exec-4] DEBUG UsuarioRestController - Listando todos los usuarios
2026-05-24 01:04:23.994 [http-nio-8080-exec-4] DEBUG UsuarioServiceImpl - Obteniendo DAO de Usuario
2026-05-24 01:04:24.008 [http-nio-8080-exec-8] DEBUG UsuarioRestController - Listando todos los usuarios
2026-05-24 01:04:24.008 [http-nio-8080-exec-8] DEBUG UsuarioServiceImpl - Obteniendo DAO de Usuario
2026-05-24 01:04:24.022 [http-nio-8080-exec-10] DEBUG UsuarioRestController - Listando todos los usuarios
2026-05-24 01:04:24.023 [http-nio-8080-exec-10] DEBUG UsuarioServiceImpl - Obteniendo DAO de Usuario
2026-05-24 01:04:24.036 [http-nio-8080-exec-9] DEBUG UsuarioRestController - Listando todos los usuarios
2026-05-24 01:04:24.037 [http-nio-8080-exec-9] DEBUG UsuarioServiceImpl - Obteniendo DAO de Usuario
2026-05-24 01:04:24.049 [http-nio-8080-exec-1] DEBUG UsuarioRestController - Listando todos los usuarios
2026-05-24 01:04:24.049 [http-nio-8080-exec-1] DEBUG UsuarioServiceImpl - Obteniendo DAO de Usuario
2026-05-24 01:04:24.063 [http-nio-8080-exec-3] DEBUG UsuarioRestController - Listando todos los usuarios
2026-05-24 01:04:24.063 [http-nio-8080-exec-3] DEBUG UsuarioServiceImpl - Obteniendo DAO de Usuario
2026-05-24 01:04:24.083 [http-nio-8080-exec-2] DEBUG UsuarioRestController - Listando todos los usuarios
2026-05-24 01:04:24.084 [http-nio-8080-exec-2] DEBUG UsuarioServiceImpl - Obteniendo DAO de Usuario
2026-05-24 01:04:24.103 [http-nio-8080-exec-5] DEBUG UsuarioRestController - Listando todos los usuarios
2026-05-24 01:04:24.103 [http-nio-8080-exec-5] DEBUG UsuarioServiceImpl - Obteniendo DAO de Usuario
2026-05-24 01:04:24.118 [http-nio-8080-exec-6] DEBUG UsuarioRestController - Listando todos los usuarios
2026-05-24 01:04:24.118 [http-nio-8080-exec-6] DEBUG UsuarioServiceImpl - Obteniendo DAO de Usuario
2026-05-24 01:04:24.130 [http-nio-8080-exec-7] DEBUG UsuarioRestController - Listando todos los usuarios
2026-05-24 01:04:24.130 [http-nio-8080-exec-7] DEBUG UsuarioServiceImpl - Obteniendo DAO de Usuario
2026-05-24 01:04:24.142 [http-nio-8080-exec-4] DEBUG UsuarioRestController - Listando todos los usuarios
2026-05-24 01:04:24.142 [http-nio-8080-exec-4] DEBUG UsuarioServiceImpl - Obteniendo DAO de Usuario
2026-05-24 01:04:24.155 [http-nio-8080-exec-8] DEBUG UsuarioRestController - Listando todos los usuarios
2026-05-24 01:04:24.155 [http-nio-8080-exec-8] DEBUG UsuarioServiceImpl - Obteniendo DAO de Usuario
2026-05-24 01:04:24.169 [http-nio-8080-exec-10] DEBUG UsuarioRestController - Listando todos los usuarios
2026-05-24 01:04:24.169 [http-nio-8080-exec-10] DEBUG UsuarioServiceImpl - Obteniendo DAO de Usuario
2026-05-24 01:04:24.186 [http-nio-8080-exec-9] DEBUG UsuarioRestController - Listando todos los usuarios
2026-05-24 01:04:24.187 [http-nio-8080-exec-9] DEBUG UsuarioServiceImpl - Obteniendo DAO de Usuario
2026-05-24 01:04:24.201 [http-nio-8080-exec-1] DEBUG UsuarioRestController - Listando todos los usuarios
2026-05-24 01:04:24.202 [http-nio-8080-exec-1] DEBUG UsuarioServiceImpl - Obteniendo DAO de Usuario
2026-05-24 01:04:24.218 [http-nio-8080-exec-3] DEBUG UsuarioRestController - Listando todos los usuarios
2026-05-24 01:04:24.218 [http-nio-8080-exec-3] DEBUG UsuarioServiceImpl - Obteniendo DAO de Usuario
2026-05-24 01:04:24.234 [http-nio-8080-exec-2] DEBUG UsuarioRestController - Listando todos los usuarios
2026-05-24 01:04:24.234 [http-nio-8080-exec-2] DEBUG UsuarioServiceImpl - Obteniendo DAO de Usuario
2026-05-24 01:04:24.252 [http-nio-8080-exec-5] DEBUG UsuarioRestController - Listando todos los usuarios
2026-05-24 01:04:24.252 [http-nio-8080-exec-5] DEBUG UsuarioServiceImpl - Obteniendo DAO de Usuario
2026-05-24 01:04:24.266 [http-nio-8080-exec-6] DEBUG UsuarioRestController - Listando todos los usuarios
2026-05-24 01:04:24.266 [http-nio-8080-exec-6] DEBUG UsuarioServiceImpl - Obteniendo DAO de Usuario
2026-05-24 01:04:24.281 [http-nio-8080-exec-7] DEBUG UsuarioRestController - Listando todos los usuarios
2026-05-24 01:04:24.281 [http-nio-8080-exec-7] DEBUG UsuarioServiceImpl - Obteniendo DAO de Usuario
2026-05-24 01:04:24.298 [http-nio-8080-exec-4] DEBUG UsuarioRestController - Listando todos los usuarios
2026-05-24 01:04:24.298 [http-nio-8080-exec-4] DEBUG UsuarioServiceImpl - Obteniendo DAO de Usuario
2026-05-24 01:04:24.315 [http-nio-8080-exec-8] DEBUG UsuarioRestController - Listando todos los usuarios
2026-05-24 01:04:24.315 [http-nio-8080-exec-8] DEBUG UsuarioServiceImpl - Obteniendo DAO de Usuario
2026-05-24 01:04:24.329 [http-nio-8080-exec-10] DEBUG UsuarioRestController - Listando todos los usuarios
2026-05-24 01:04:24.329 [http-nio-8080-exec-10] DEBUG UsuarioServiceImpl - Obteniendo DAO de Usuario
2026-05-24 01:04:24.341 [http-nio-8080-exec-9] DEBUG UsuarioRestController - Listando todos los usuarios
2026-05-24 01:04:24.342 [http-nio-8080-exec-9] DEBUG UsuarioServiceImpl - Obteniendo DAO de Usuario
2026-05-24 01:04:24.353 [http-nio-8080-exec-1] DEBUG UsuarioRestController - Listando todos los usuarios
2026-05-24 01:04:24.353 [http-nio-8080-exec-1] DEBUG UsuarioServiceImpl - Obteniendo DAO de Usuario
2026-05-24 01:04:24.364 [http-nio-8080-exec-3] DEBUG UsuarioRestController - Listando todos los usuarios
2026-05-24 01:04:24.365 [http-nio-8080-exec-3] DEBUG UsuarioServiceImpl - Obteniendo DAO de Usuario
2026-05-24 01:04:24.379 [http-nio-8080-exec-2] DEBUG UsuarioRestController - Listando todos los usuarios
2026-05-24 01:04:24.379 [http-nio-8080-exec-2] DEBUG UsuarioServiceImpl - Obteniendo DAO de Usuario
2026-05-24 01:04:24.393 [http-nio-8080-exec-5] DEBUG UsuarioRestController - Listando todos los usuarios
2026-05-24 01:04:24.393 [http-nio-8080-exec-5] DEBUG UsuarioServiceImpl - Obteniendo DAO de Usuario
2026-05-24 01:04:24.408 [http-nio-8080-exec-6] DEBUG UsuarioRestController - Listando todos los usuarios
2026-05-24 01:04:24.408 [http-nio-8080-exec-6] DEBUG UsuarioServiceImpl - Obteniendo DAO de Usuario
2026-05-24 01:04:24.420 [http-nio-8080-exec-7] DEBUG UsuarioRestController - Listando todos los usuarios
2026-05-24 01:04:24.420 [http-nio-8080-exec-7] DEBUG UsuarioServiceImpl - Obteniendo DAO de Usuario
2026-05-24 01:04:24.432 [http-nio-8080-exec-4] DEBUG UsuarioRestController - Listando todos los usuarios
2026-05-24 01:04:24.432 [http-nio-8080-exec-4] DEBUG UsuarioServiceImpl - Obteniendo DAO de Usuario
2026-05-24 01:04:24.443 [http-nio-8080-exec-8] DEBUG UsuarioRestController - Listando todos los usuarios
2026-05-24 01:04:24.443 [http-nio-8080-exec-8] DEBUG UsuarioServiceImpl - Obteniendo DAO de Usuario
2026-05-24 01:04:24.454 [http-nio-8080-exec-10] DEBUG UsuarioRestController - Listando todos los usuarios
2026-05-24 01:04:24.455 [http-nio-8080-exec-10] DEBUG UsuarioServiceImpl - Obteniendo DAO de Usuario
2026-05-24 01:04:24.465 [http-nio-8080-exec-9] DEBUG UsuarioRestController - Listando todos los usuarios
2026-05-24 01:04:24.466 [http-nio-8080-exec-9] DEBUG UsuarioServiceImpl - Obteniendo DAO de Usuario
2026-05-24 01:04:24.478 [http-nio-8080-exec-1] DEBUG UsuarioRestController - Listando todos los usuarios
2026-05-24 01:04:24.478 [http-nio-8080-exec-1] DEBUG UsuarioServiceImpl - Obteniendo DAO de Usuario
2026-05-24 01:04:24.489 [http-nio-8080-exec-3] DEBUG UsuarioRestController - Listando todos los usuarios
2026-05-24 01:04:24.489 [http-nio-8080-exec-3] DEBUG UsuarioServiceImpl - Obteniendo DAO de Usuario
2026-05-24 01:04:24.501 [http-nio-8080-exec-2] DEBUG UsuarioRestController - Listando todos los usuarios
2026-05-24 01:04:24.501 [http-nio-8080-exec-2] DEBUG UsuarioServiceImpl - Obteniendo DAO de Usuario
2026-05-24 01:04:24.512 [http-nio-8080-exec-5] DEBUG UsuarioRestController - Listando todos los usuarios
2026-05-24 01:04:24.512 [http-nio-8080-exec-5] DEBUG UsuarioServiceImpl - Obteniendo DAO de Usuario
2026-05-24 01:04:24.526 [http-nio-8080-exec-6] DEBUG UsuarioRestController - Listando todos los usuarios
2026-05-24 01:04:24.526 [http-nio-8080-exec-6] DEBUG UsuarioServiceImpl - Obteniendo DAO de Usuario
2026-05-24 01:04:24.539 [http-nio-8080-exec-7] DEBUG UsuarioRestController - Listando todos los usuarios
2026-05-24 01:04:24.539 [http-nio-8080-exec-7] DEBUG UsuarioServiceImpl - Obteniendo DAO de Usuario
2026-05-24 01:04:24.550 [http-nio-8080-exec-4] DEBUG UsuarioRestController - Listando todos los usuarios
2026-05-24 01:04:24.550 [http-nio-8080-exec-4] DEBUG UsuarioServiceImpl - Obteniendo DAO de Usuario
2026-05-24 01:04:24.562 [http-nio-8080-exec-8] DEBUG UsuarioRestController - Listando todos los usuarios
2026-05-24 01:04:24.562 [http-nio-8080-exec-8] DEBUG UsuarioServiceImpl - Obteniendo DAO de Usuario
2026-05-24 01:04:24.573 [http-nio-8080-exec-10] DEBUG UsuarioRestController - Listando todos los usuarios
2026-05-24 01:04:24.573 [http-nio-8080-exec-10] DEBUG UsuarioServiceImpl - Obteniendo DAO de Usuario
2026-05-24 01:04:24.584 [http-nio-8080-exec-9] DEBUG UsuarioRestController - Listando todos los usuarios
2026-05-24 01:04:24.584 [http-nio-8080-exec-9] DEBUG UsuarioServiceImpl - Obteniendo DAO de Usuario
2026-05-24 01:04:24.597 [http-nio-8080-exec-1] DEBUG UsuarioRestController - Listando todos los usuarios
2026-05-24 01:04:24.597 [http-nio-8080-exec-1] DEBUG UsuarioServiceImpl - Obteniendo DAO de Usuario
2026-05-24 01:04:24.610 [http-nio-8080-exec-3] DEBUG UsuarioRestController - Listando todos los usuarios
2026-05-24 01:04:24.610 [http-nio-8080-exec-3] DEBUG UsuarioServiceImpl - Obteniendo DAO de Usuario
2026-05-24 01:04:24.620 [http-nio-8080-exec-2] DEBUG UsuarioRestController - Listando todos los usuarios
2026-05-24 01:04:24.620 [http-nio-8080-exec-2] DEBUG UsuarioServiceImpl - Obteniendo DAO de Usuario
2026-05-24 01:04:24.631 [http-nio-8080-exec-5] DEBUG UsuarioRestController - Listando todos los usuarios
2026-05-24 01:04:24.631 [http-nio-8080-exec-5] DEBUG UsuarioServiceImpl - Obteniendo DAO de Usuario
2026-05-24 01:04:24.643 [http-nio-8080-exec-6] DEBUG UsuarioRestController - Listando todos los usuarios
2026-05-24 01:04:24.644 [http-nio-8080-exec-6] DEBUG UsuarioServiceImpl - Obteniendo DAO de Usuario
2026-05-24 01:04:24.654 [http-nio-8080-exec-7] DEBUG UsuarioRestController - Listando todos los usuarios
2026-05-24 01:04:24.654 [http-nio-8080-exec-7] DEBUG UsuarioServiceImpl - Obteniendo DAO de Usuario
2026-05-24 01:04:24.670 [http-nio-8080-exec-4] DEBUG UsuarioRestController - Listando todos los usuarios
2026-05-24 01:04:24.671 [http-nio-8080-exec-4] DEBUG UsuarioServiceImpl - Obteniendo DAO de Usuario
2026-05-24 01:04:24.682 [http-nio-8080-exec-8] DEBUG UsuarioRestController - Listando todos los usuarios
2026-05-24 01:04:24.682 [http-nio-8080-exec-8] DEBUG UsuarioServiceImpl - Obteniendo DAO de Usuario
2026-05-24 01:04:24.692 [http-nio-8080-exec-10] DEBUG UsuarioRestController - Listando todos los usuarios
2026-05-24 01:04:24.692 [http-nio-8080-exec-10] DEBUG UsuarioServiceImpl - Obteniendo DAO de Usuario
2026-05-24 01:04:24.703 [http-nio-8080-exec-9] DEBUG UsuarioRestController - Listando todos los usuarios
2026-05-24 01:04:24.703 [http-nio-8080-exec-9] DEBUG UsuarioServiceImpl - Obteniendo DAO de Usuario
2026-05-24 01:04:24.713 [http-nio-8080-exec-1] DEBUG UsuarioRestController - Listando todos los usuarios
2026-05-24 01:04:24.713 [http-nio-8080-exec-1] DEBUG UsuarioServiceImpl - Obteniendo DAO de Usuario
2026-05-24 01:04:24.725 [http-nio-8080-exec-3] DEBUG UsuarioRestController - Listando todos los usuarios
2026-05-24 01:04:24.725 [http-nio-8080-exec-3] DEBUG UsuarioServiceImpl - Obteniendo DAO de Usuario
2026-05-24 01:04:24.737 [http-nio-8080-exec-2] DEBUG UsuarioRestController - Listando todos los usuarios
2026-05-24 01:04:24.737 [http-nio-8080-exec-2] DEBUG UsuarioServiceImpl - Obteniendo DAO de Usuario
2026-05-24 01:04:24.752 [http-nio-8080-exec-5] DEBUG UsuarioRestController - Listando todos los usuarios
2026-05-24 01:04:24.752 [http-nio-8080-exec-5] DEBUG UsuarioServiceImpl - Obteniendo DAO de Usuario
2026-05-24 01:04:24.762 [http-nio-8080-exec-6] DEBUG UsuarioRestController - Listando todos los usuarios
2026-05-24 01:04:24.762 [http-nio-8080-exec-6] DEBUG UsuarioServiceImpl - Obteniendo DAO de Usuario
2026-05-24 01:04:24.772 [http-nio-8080-exec-7] DEBUG UsuarioRestController - Listando todos los usuarios
2026-05-24 01:04:24.773 [http-nio-8080-exec-7] DEBUG UsuarioServiceImpl - Obteniendo DAO de Usuario
2026-05-24 01:04:24.785 [http-nio-8080-exec-4] DEBUG UsuarioRestController - Listando todos los usuarios
2026-05-24 01:04:24.785 [http-nio-8080-exec-4] DEBUG UsuarioServiceImpl - Obteniendo DAO de Usuario
2026-05-24 01:04:24.795 [http-nio-8080-exec-8] DEBUG UsuarioRestController - Listando todos los usuarios
2026-05-24 01:04:24.795 [http-nio-8080-exec-8] DEBUG UsuarioServiceImpl - Obteniendo DAO de Usuario
2026-05-24 01:04:24.809 [http-nio-8080-exec-10] DEBUG UsuarioRestController - Listando todos los usuarios
2026-05-24 01:04:24.809 [http-nio-8080-exec-10] DEBUG UsuarioServiceImpl - Obteniendo DAO de Usuario
2026-05-24 01:04:24.823 [http-nio-8080-exec-9] DEBUG UsuarioRestController - Listando todos los usuarios
2026-05-24 01:04:24.824 [http-nio-8080-exec-9] DEBUG UsuarioServiceImpl - Obteniendo DAO de Usuario
2026-05-24 01:04:24.838 [http-nio-8080-exec-1] DEBUG UsuarioRestController - Listando todos los usuarios
2026-05-24 01:04:24.838 [http-nio-8080-exec-1] DEBUG UsuarioServiceImpl - Obteniendo DAO de Usuario
2026-05-24 01:04:24.853 [http-nio-8080-exec-3] DEBUG UsuarioRestController - Listando todos los usuarios
2026-05-24 01:04:24.853 [http-nio-8080-exec-3] DEBUG UsuarioServiceImpl - Obteniendo DAO de Usuario
2026-05-24 01:04:24.864 [http-nio-8080-exec-2] DEBUG UsuarioRestController - Listando todos los usuarios
2026-05-24 01:04:24.865 [http-nio-8080-exec-2] DEBUG UsuarioServiceImpl - Obteniendo DAO de Usuario
2026-05-24 01:04:24.877 [http-nio-8080-exec-5] DEBUG UsuarioRestController - Listando todos los usuarios
2026-05-24 01:04:24.877 [http-nio-8080-exec-5] DEBUG UsuarioServiceImpl - Obteniendo DAO de Usuario
2026-05-24 01:04:24.891 [http-nio-8080-exec-6] DEBUG UsuarioRestController - Listando todos los usuarios
2026-05-24 01:04:24.891 [http-nio-8080-exec-6] DEBUG UsuarioServiceImpl - Obteniendo DAO de Usuario
2026-05-24 01:04:24.910 [http-nio-8080-exec-7] DEBUG UsuarioRestController - Listando todos los usuarios
2026-05-24 01:04:24.911 [http-nio-8080-exec-7] DEBUG UsuarioServiceImpl - Obteniendo DAO de Usuario
2026-05-24 01:04:24.955 [http-nio-8080-exec-4] DEBUG UsuarioRestController - Listando todos los usuarios
2026-05-24 01:04:24.956 [http-nio-8080-exec-4] DEBUG UsuarioServiceImpl - Obteniendo DAO de Usuario
2026-05-24 01:04:24.973 [http-nio-8080-exec-8] DEBUG UsuarioRestController - Listando todos los usuarios
2026-05-24 01:04:24.973 [http-nio-8080-exec-8] DEBUG UsuarioServiceImpl - Obteniendo DAO de Usuario
2026-05-24 01:04:24.984 [http-nio-8080-exec-10] DEBUG UsuarioRestController - Listando todos los usuarios
2026-05-24 01:04:24.985 [http-nio-8080-exec-10] DEBUG UsuarioServiceImpl - Obteniendo DAO de Usuario
2026-05-24 01:04:24.994 [http-nio-8080-exec-9] DEBUG UsuarioRestController - Listando todos los usuarios
2026-05-24 01:04:24.994 [http-nio-8080-exec-9] DEBUG UsuarioServiceImpl - Obteniendo DAO de Usuario
2026-05-24 01:04:25.004 [http-nio-8080-exec-1] DEBUG UsuarioRestController - Listando todos los usuarios
2026-05-24 01:04:25.004 [http-nio-8080-exec-1] DEBUG UsuarioServiceImpl - Obteniendo DAO de Usuario
2026-05-24 01:04:25.013 [http-nio-8080-exec-3] DEBUG UsuarioRestController - Listando todos los usuarios
2026-05-24 01:04:25.013 [http-nio-8080-exec-3] DEBUG UsuarioServiceImpl - Obteniendo DAO de Usuario
2026-05-24 01:04:25.024 [http-nio-8080-exec-2] DEBUG UsuarioRestController - Listando todos los usuarios
2026-05-24 01:04:25.024 [http-nio-8080-exec-2] DEBUG UsuarioServiceImpl - Obteniendo DAO de Usuario
2026-05-24 01:04:25.036 [http-nio-8080-exec-5] DEBUG UsuarioRestController - Listando todos los usuarios
2026-05-24 01:04:25.036 [http-nio-8080-exec-5] DEBUG UsuarioServiceImpl - Obteniendo DAO de Usuario
2026-05-24 01:04:25.046 [http-nio-8080-exec-6] DEBUG UsuarioRestController - Listando todos los usuarios
2026-05-24 01:04:25.046 [http-nio-8080-exec-6] DEBUG UsuarioServiceImpl - Obteniendo DAO de Usuario
2026-05-24 01:04:25.055 [http-nio-8080-exec-7] DEBUG UsuarioRestController - Listando todos los usuarios
2026-05-24 01:04:25.056 [http-nio-8080-exec-7] DEBUG UsuarioServiceImpl - Obteniendo DAO de Usuario
2026-05-24 01:04:25.065 [http-nio-8080-exec-4] DEBUG UsuarioRestController - Listando todos los usuarios
2026-05-24 01:04:25.065 [http-nio-8080-exec-4] DEBUG UsuarioServiceImpl - Obteniendo DAO de Usuario
2026-05-24 01:04:25.075 [http-nio-8080-exec-8] DEBUG UsuarioRestController - Listando todos los usuarios
2026-05-24 01:04:25.075 [http-nio-8080-exec-8] DEBUG UsuarioServiceImpl - Obteniendo DAO de Usuario
2026-05-24 01:04:25.084 [http-nio-8080-exec-10] DEBUG UsuarioRestController - Listando todos los usuarios
2026-05-24 01:04:25.084 [http-nio-8080-exec-10] DEBUG UsuarioServiceImpl - Obteniendo DAO de Usuario
2026-05-24 01:04:25.093 [http-nio-8080-exec-9] DEBUG UsuarioRestController - Listando todos los usuarios
2026-05-24 01:04:25.093 [http-nio-8080-exec-9] DEBUG UsuarioServiceImpl - Obteniendo DAO de Usuario
2026-05-24 01:04:25.102 [http-nio-8080-exec-1] DEBUG UsuarioRestController - Listando todos los usuarios
2026-05-24 01:04:25.102 [http-nio-8080-exec-1] DEBUG UsuarioServiceImpl - Obteniendo DAO de Usuario
2026-05-24 01:04:25.111 [http-nio-8080-exec-3] DEBUG UsuarioRestController - Listando todos los usuarios
2026-05-24 01:04:25.111 [http-nio-8080-exec-3] DEBUG UsuarioServiceImpl - Obteniendo DAO de Usuario
2026-05-24 01:04:25.119 [http-nio-8080-exec-2] DEBUG UsuarioRestController - Listando todos los usuarios
2026-05-24 01:04:25.119 [http-nio-8080-exec-2] DEBUG UsuarioServiceImpl - Obteniendo DAO de Usuario
2026-05-24 01:04:25.128 [http-nio-8080-exec-5] DEBUG UsuarioRestController - Listando todos los usuarios
2026-05-24 01:04:25.128 [http-nio-8080-exec-5] DEBUG UsuarioServiceImpl - Obteniendo DAO de Usuario
2026-05-24 01:04:25.136 [http-nio-8080-exec-6] DEBUG UsuarioRestController - Listando todos los usuarios
2026-05-24 01:04:25.136 [http-nio-8080-exec-6] DEBUG UsuarioServiceImpl - Obteniendo DAO de Usuario
2026-05-24 01:04:25.145 [http-nio-8080-exec-7] DEBUG UsuarioRestController - Listando todos los usuarios
2026-05-24 01:04:25.145 [http-nio-8080-exec-7] DEBUG UsuarioServiceImpl - Obteniendo DAO de Usuario
2026-05-24 01:04:25.155 [http-nio-8080-exec-4] DEBUG UsuarioRestController - Listando todos los usuarios
2026-05-24 01:04:25.155 [http-nio-8080-exec-4] DEBUG UsuarioServiceImpl - Obteniendo DAO de Usuario
2026-05-24 01:04:25.164 [http-nio-8080-exec-8] DEBUG UsuarioRestController - Listando todos los usuarios
2026-05-24 01:04:25.165 [http-nio-8080-exec-8] DEBUG UsuarioServiceImpl - Obteniendo DAO de Usuario
2026-05-24 01:04:25.175 [http-nio-8080-exec-10] DEBUG UsuarioRestController - Listando todos los usuarios
2026-05-24 01:04:25.175 [http-nio-8080-exec-10] DEBUG UsuarioServiceImpl - Obteniendo DAO de Usuario
2026-05-24 01:04:25.184 [http-nio-8080-exec-9] DEBUG UsuarioRestController - Listando todos los usuarios
2026-05-24 01:04:25.184 [http-nio-8080-exec-9] DEBUG UsuarioServiceImpl - Obteniendo DAO de Usuario
2026-05-24 01:04:25.193 [http-nio-8080-exec-1] DEBUG UsuarioRestController - Listando todos los usuarios
2026-05-24 01:04:25.194 [http-nio-8080-exec-1] DEBUG UsuarioServiceImpl - Obteniendo DAO de Usuario
2026-05-24 01:04:25.202 [http-nio-8080-exec-3] DEBUG UsuarioRestController - Listando todos los usuarios
2026-05-24 01:04:25.202 [http-nio-8080-exec-3] DEBUG UsuarioServiceImpl - Obteniendo DAO de Usuario
2026-05-24 01:04:25.211 [http-nio-8080-exec-2] DEBUG UsuarioRestController - Listando todos los usuarios
2026-05-24 01:04:25.211 [http-nio-8080-exec-2] DEBUG UsuarioServiceImpl - Obteniendo DAO de Usuario
2026-05-24 01:04:25.220 [http-nio-8080-exec-5] DEBUG UsuarioRestController - Listando todos los usuarios
2026-05-24 01:04:25.220 [http-nio-8080-exec-5] DEBUG UsuarioServiceImpl - Obteniendo DAO de Usuario
2026-05-24 01:04:25.229 [http-nio-8080-exec-6] DEBUG UsuarioRestController - Listando todos los usuarios
2026-05-24 01:04:25.229 [http-nio-8080-exec-6] DEBUG UsuarioServiceImpl - Obteniendo DAO de Usuario
2026-05-24 01:04:25.238 [http-nio-8080-exec-7] DEBUG UsuarioRestController - Listando todos los usuarios
2026-05-24 01:04:25.238 [http-nio-8080-exec-7] DEBUG UsuarioServiceImpl - Obteniendo DAO de Usuario
2026-05-24 01:04:25.245 [http-nio-8080-exec-4] DEBUG UsuarioRestController - Listando todos los usuarios
2026-05-24 01:04:25.246 [http-nio-8080-exec-4] DEBUG UsuarioServiceImpl - Obteniendo DAO de Usuario
2026-05-24 01:04:25.254 [http-nio-8080-exec-8] DEBUG UsuarioRestController - Listando todos los usuarios
2026-05-24 01:04:25.254 [http-nio-8080-exec-8] DEBUG UsuarioServiceImpl - Obteniendo DAO de Usuario
2026-05-24 01:04:25.264 [http-nio-8080-exec-10] DEBUG UsuarioRestController - Listando todos los usuarios
2026-05-24 01:04:25.264 [http-nio-8080-exec-10] DEBUG UsuarioServiceImpl - Obteniendo DAO de Usuario
2026-05-24 01:04:25.275 [http-nio-8080-exec-9] DEBUG UsuarioRestController - Listando todos los usuarios
2026-05-24 01:04:25.275 [http-nio-8080-exec-9] DEBUG UsuarioServiceImpl - Obteniendo DAO de Usuario
2026-05-24 01:04:25.286 [http-nio-8080-exec-1] DEBUG UsuarioRestController - Listando todos los usuarios
2026-05-24 01:04:25.286 [http-nio-8080-exec-1] DEBUG UsuarioServiceImpl - Obteniendo DAO de Usuario
2026-05-24 01:04:25.299 [http-nio-8080-exec-3] DEBUG UsuarioRestController - Listando todos los usuarios
2026-05-24 01:04:25.299 [http-nio-8080-exec-3] DEBUG UsuarioServiceImpl - Obteniendo DAO de Usuario
2026-05-24 01:04:25.310 [http-nio-8080-exec-2] DEBUG UsuarioRestController - Listando todos los usuarios
2026-05-24 01:04:25.310 [http-nio-8080-exec-2] DEBUG UsuarioServiceImpl - Obteniendo DAO de Usuario
2026-05-24 01:04:25.320 [http-nio-8080-exec-5] DEBUG UsuarioRestController - Listando todos los usuarios
2026-05-24 01:04:25.320 [http-nio-8080-exec-5] DEBUG UsuarioServiceImpl - Obteniendo DAO de Usuario
2026-05-24 01:04:25.331 [http-nio-8080-exec-6] DEBUG UsuarioRestController - Listando todos los usuarios
2026-05-24 01:04:25.331 [http-nio-8080-exec-6] DEBUG UsuarioServiceImpl - Obteniendo DAO de Usuario
2026-05-24 01:04:25.340 [http-nio-8080-exec-7] DEBUG UsuarioRestController - Listando todos los usuarios
2026-05-24 01:04:25.340 [http-nio-8080-exec-7] DEBUG UsuarioServiceImpl - Obteniendo DAO de Usuario
2026-05-24 01:04:25.350 [http-nio-8080-exec-4] DEBUG UsuarioRestController - Listando todos los usuarios
2026-05-24 01:04:25.350 [http-nio-8080-exec-4] DEBUG UsuarioServiceImpl - Obteniendo DAO de Usuario
2026-05-24 01:04:25.362 [http-nio-8080-exec-8] DEBUG UsuarioRestController - Listando todos los usuarios
2026-05-24 01:04:25.362 [http-nio-8080-exec-8] DEBUG UsuarioServiceImpl - Obteniendo DAO de Usuario
2026-05-24 01:04:25.373 [http-nio-8080-exec-10] DEBUG UsuarioRestController - Listando todos los usuarios
2026-05-24 01:04:25.373 [http-nio-8080-exec-10] DEBUG UsuarioServiceImpl - Obteniendo DAO de Usuario
2026-05-24 01:04:25.385 [http-nio-8080-exec-9] DEBUG UsuarioRestController - Listando todos los usuarios
2026-05-24 01:04:25.385 [http-nio-8080-exec-9] DEBUG UsuarioServiceImpl - Obteniendo DAO de Usuario
2026-05-24 01:04:25.397 [http-nio-8080-exec-1] DEBUG UsuarioRestController - Listando todos los usuarios
2026-05-24 01:04:25.397 [http-nio-8080-exec-1] DEBUG UsuarioServiceImpl - Obteniendo DAO de Usuario
2026-05-24 01:04:25.411 [http-nio-8080-exec-3] DEBUG UsuarioRestController - Listando todos los usuarios
2026-05-24 01:04:25.411 [http-nio-8080-exec-3] DEBUG UsuarioServiceImpl - Obteniendo DAO de Usuario
2026-05-24 01:04:25.421 [http-nio-8080-exec-2] DEBUG UsuarioRestController - Listando todos los usuarios
2026-05-24 01:04:25.421 [http-nio-8080-exec-2] DEBUG UsuarioServiceImpl - Obteniendo DAO de Usuario
2026-05-24 01:04:25.431 [http-nio-8080-exec-5] DEBUG UsuarioRestController - Listando todos los usuarios
2026-05-24 01:04:25.432 [http-nio-8080-exec-5] DEBUG UsuarioServiceImpl - Obteniendo DAO de Usuario
2026-05-24 01:04:25.442 [http-nio-8080-exec-6] DEBUG UsuarioRestController - Listando todos los usuarios
2026-05-24 01:04:25.442 [http-nio-8080-exec-6] DEBUG UsuarioServiceImpl - Obteniendo DAO de Usuario
2026-05-24 01:04:25.452 [http-nio-8080-exec-7] DEBUG UsuarioRestController - Listando todos los usuarios
2026-05-24 01:04:25.453 [http-nio-8080-exec-7] DEBUG UsuarioServiceImpl - Obteniendo DAO de Usuario
2026-05-24 01:04:25.463 [http-nio-8080-exec-4] DEBUG UsuarioRestController - Listando todos los usuarios
2026-05-24 01:04:25.463 [http-nio-8080-exec-4] DEBUG UsuarioServiceImpl - Obteniendo DAO de Usuario
2026-05-24 01:04:25.474 [http-nio-8080-exec-8] DEBUG UsuarioRestController - Listando todos los usuarios
2026-05-24 01:04:25.475 [http-nio-8080-exec-8] DEBUG UsuarioServiceImpl - Obteniendo DAO de Usuario
2026-05-24 01:04:25.486 [http-nio-8080-exec-10] DEBUG UsuarioRestController - Listando todos los usuarios
2026-05-24 01:04:25.486 [http-nio-8080-exec-10] DEBUG UsuarioServiceImpl - Obteniendo DAO de Usuario
2026-05-24 01:04:25.496 [http-nio-8080-exec-9] DEBUG UsuarioRestController - Listando todos los usuarios
2026-05-24 01:04:25.496 [http-nio-8080-exec-9] DEBUG UsuarioServiceImpl - Obteniendo DAO de Usuario
2026-05-24 01:04:25.505 [http-nio-8080-exec-1] DEBUG UsuarioRestController - Listando todos los usuarios
2026-05-24 01:04:25.505 [http-nio-8080-exec-1] DEBUG UsuarioServiceImpl - Obteniendo DAO de Usuario
2026-05-24 01:04:25.515 [http-nio-8080-exec-3] DEBUG UsuarioRestController - Listando todos los usuarios
2026-05-24 01:04:25.515 [http-nio-8080-exec-3] DEBUG UsuarioServiceImpl - Obteniendo DAO de Usuario
2026-05-24 01:04:25.525 [http-nio-8080-exec-2] DEBUG UsuarioRestController - Listando todos los usuarios
2026-05-24 01:04:25.525 [http-nio-8080-exec-2] DEBUG UsuarioServiceImpl - Obteniendo DAO de Usuario
2026-05-24 01:04:25.535 [http-nio-8080-exec-5] DEBUG UsuarioRestController - Listando todos los usuarios
2026-05-24 01:04:25.535 [http-nio-8080-exec-5] DEBUG UsuarioServiceImpl - Obteniendo DAO de Usuario
2026-05-24 01:04:25.545 [http-nio-8080-exec-6] DEBUG UsuarioRestController - Listando todos los usuarios
2026-05-24 01:04:25.545 [http-nio-8080-exec-6] DEBUG UsuarioServiceImpl - Obteniendo DAO de Usuario
2026-05-24 01:04:25.553 [http-nio-8080-exec-7] DEBUG UsuarioRestController - Listando todos los usuarios
2026-05-24 01:04:25.554 [http-nio-8080-exec-7] DEBUG UsuarioServiceImpl - Obteniendo DAO de Usuario
2026-05-24 01:04:25.563 [http-nio-8080-exec-4] DEBUG UsuarioRestController - Listando todos los usuarios
2026-05-24 01:04:25.563 [http-nio-8080-exec-4] DEBUG UsuarioServiceImpl - Obteniendo DAO de Usuario
2026-05-24 01:04:25.574 [http-nio-8080-exec-8] DEBUG UsuarioRestController - Listando todos los usuarios
2026-05-24 01:04:25.574 [http-nio-8080-exec-8] DEBUG UsuarioServiceImpl - Obteniendo DAO de Usuario
2026-05-24 01:04:25.586 [http-nio-8080-exec-10] DEBUG UsuarioRestController - Listando todos los usuarios
2026-05-24 01:04:25.586 [http-nio-8080-exec-10] DEBUG UsuarioServiceImpl - Obteniendo DAO de Usuario
2026-05-24 01:04:25.597 [http-nio-8080-exec-9] DEBUG UsuarioRestController - Listando todos los usuarios
2026-05-24 01:04:25.597 [http-nio-8080-exec-9] DEBUG UsuarioServiceImpl - Obteniendo DAO de Usuario
2026-05-24 01:04:25.609 [http-nio-8080-exec-1] DEBUG UsuarioRestController - Listando todos los usuarios
2026-05-24 01:04:25.609 [http-nio-8080-exec-1] DEBUG UsuarioServiceImpl - Obteniendo DAO de Usuario
2026-05-24 01:04:25.620 [http-nio-8080-exec-3] DEBUG UsuarioRestController - Listando todos los usuarios
2026-05-24 01:04:25.621 [http-nio-8080-exec-3] DEBUG UsuarioServiceImpl - Obteniendo DAO de Usuario
2026-05-24 01:04:25.631 [http-nio-8080-exec-2] DEBUG UsuarioRestController - Listando todos los usuarios
2026-05-24 01:04:25.632 [http-nio-8080-exec-2] DEBUG UsuarioServiceImpl - Obteniendo DAO de Usuario
2026-05-24 01:04:25.642 [http-nio-8080-exec-5] DEBUG UsuarioRestController - Listando todos los usuarios
2026-05-24 01:04:25.642 [http-nio-8080-exec-5] DEBUG UsuarioServiceImpl - Obteniendo DAO de Usuario
2026-05-24 01:04:25.651 [http-nio-8080-exec-6] DEBUG UsuarioRestController - Listando todos los usuarios
2026-05-24 01:04:25.651 [http-nio-8080-exec-6] DEBUG UsuarioServiceImpl - Obteniendo DAO de Usuario
2026-05-24 01:04:25.661 [http-nio-8080-exec-7] DEBUG UsuarioRestController - Listando todos los usuarios
2026-05-24 01:04:25.661 [http-nio-8080-exec-7] DEBUG UsuarioServiceImpl - Obteniendo DAO de Usuario
2026-05-24 01:04:25.675 [http-nio-8080-exec-4] DEBUG UsuarioRestController - Listando todos los usuarios
2026-05-24 01:04:25.675 [http-nio-8080-exec-4] DEBUG UsuarioServiceImpl - Obteniendo DAO de Usuario
2026-05-24 01:04:25.687 [http-nio-8080-exec-8] DEBUG UsuarioRestController - Listando todos los usuarios
2026-05-24 01:04:25.687 [http-nio-8080-exec-8] DEBUG UsuarioServiceImpl - Obteniendo DAO de Usuario
2026-05-24 01:04:25.696 [http-nio-8080-exec-10] DEBUG UsuarioRestController - Listando todos los usuarios
2026-05-24 01:04:25.697 [http-nio-8080-exec-10] DEBUG UsuarioServiceImpl - Obteniendo DAO de Usuario
2026-05-24 01:04:25.706 [http-nio-8080-exec-9] DEBUG UsuarioRestController - Listando todos los usuarios
2026-05-24 01:04:25.706 [http-nio-8080-exec-9] DEBUG UsuarioServiceImpl - Obteniendo DAO de Usuario
2026-05-24 01:04:25.717 [http-nio-8080-exec-1] DEBUG UsuarioRestController - Listando todos los usuarios
2026-05-24 01:04:25.717 [http-nio-8080-exec-1] DEBUG UsuarioServiceImpl - Obteniendo DAO de Usuario
2026-05-24 01:04:25.727 [http-nio-8080-exec-3] DEBUG UsuarioRestController - Listando todos los usuarios
2026-05-24 01:04:25.728 [http-nio-8080-exec-3] DEBUG UsuarioServiceImpl - Obteniendo DAO de Usuario
2026-05-24 01:04:25.737 [http-nio-8080-exec-2] DEBUG UsuarioRestController - Listando todos los usuarios
2026-05-24 01:04:25.738 [http-nio-8080-exec-2] DEBUG UsuarioServiceImpl - Obteniendo DAO de Usuario
2026-05-24 01:04:25.747 [http-nio-8080-exec-5] DEBUG UsuarioRestController - Listando todos los usuarios
2026-05-24 01:04:25.748 [http-nio-8080-exec-5] DEBUG UsuarioServiceImpl - Obteniendo DAO de Usuario
2026-05-24 01:04:25.757 [http-nio-8080-exec-6] DEBUG UsuarioRestController - Listando todos los usuarios
2026-05-24 01:04:25.757 [http-nio-8080-exec-6] DEBUG UsuarioServiceImpl - Obteniendo DAO de Usuario
2026-05-24 01:04:25.767 [http-nio-8080-exec-7] DEBUG UsuarioRestController - Listando todos los usuarios
2026-05-24 01:04:25.767 [http-nio-8080-exec-7] DEBUG UsuarioServiceImpl - Obteniendo DAO de Usuario
2026-05-24 01:04:25.776 [http-nio-8080-exec-4] DEBUG UsuarioRestController - Listando todos los usuarios
2026-05-24 01:04:25.776 [http-nio-8080-exec-4] DEBUG UsuarioServiceImpl - Obteniendo DAO de Usuario
2026-05-24 01:04:25.785 [http-nio-8080-exec-8] DEBUG UsuarioRestController - Listando todos los usuarios
2026-05-24 01:04:25.785 [http-nio-8080-exec-8] DEBUG UsuarioServiceImpl - Obteniendo DAO de Usuario
2026-05-24 01:04:25.795 [http-nio-8080-exec-10] DEBUG UsuarioRestController - Listando todos los usuarios
2026-05-24 01:04:25.796 [http-nio-8080-exec-10] DEBUG UsuarioServiceImpl - Obteniendo DAO de Usuario
2026-05-24 01:04:25.807 [http-nio-8080-exec-9] DEBUG UsuarioRestController - Listando todos los usuarios
2026-05-24 01:04:25.808 [http-nio-8080-exec-9] DEBUG UsuarioServiceImpl - Obteniendo DAO de Usuario
2026-05-24 01:04:25.817 [http-nio-8080-exec-1] DEBUG UsuarioRestController - Listando todos los usuarios
2026-05-24 01:04:25.817 [http-nio-8080-exec-1] DEBUG UsuarioServiceImpl - Obteniendo DAO de Usuario
2026-05-24 01:04:25.827 [http-nio-8080-exec-3] DEBUG UsuarioRestController - Listando todos los usuarios
2026-05-24 01:04:25.828 [http-nio-8080-exec-3] DEBUG UsuarioServiceImpl - Obteniendo DAO de Usuario
2026-05-24 01:04:25.837 [http-nio-8080-exec-2] DEBUG UsuarioRestController - Listando todos los usuarios
2026-05-24 01:04:25.838 [http-nio-8080-exec-2] DEBUG UsuarioServiceImpl - Obteniendo DAO de Usuario
2026-05-24 01:04:25.846 [http-nio-8080-exec-5] DEBUG UsuarioRestController - Listando todos los usuarios
2026-05-24 01:04:25.846 [http-nio-8080-exec-5] DEBUG UsuarioServiceImpl - Obteniendo DAO de Usuario
2026-05-24 01:04:25.855 [http-nio-8080-exec-6] DEBUG UsuarioRestController - Listando todos los usuarios
2026-05-24 01:04:25.855 [http-nio-8080-exec-6] DEBUG UsuarioServiceImpl - Obteniendo DAO de Usuario
2026-05-24 01:04:25.864 [http-nio-8080-exec-7] DEBUG UsuarioRestController - Listando todos los usuarios
2026-05-24 01:04:25.864 [http-nio-8080-exec-7] DEBUG UsuarioServiceImpl - Obteniendo DAO de Usuario
2026-05-24 01:04:25.873 [http-nio-8080-exec-4] DEBUG UsuarioRestController - Listando todos los usuarios
2026-05-24 01:04:25.873 [http-nio-8080-exec-4] DEBUG UsuarioServiceImpl - Obteniendo DAO de Usuario
2026-05-24 01:04:25.882 [http-nio-8080-exec-8] DEBUG UsuarioRestController - Listando todos los usuarios
2026-05-24 01:04:25.882 [http-nio-8080-exec-8] DEBUG UsuarioServiceImpl - Obteniendo DAO de Usuario
2026-05-24 01:04:25.891 [http-nio-8080-exec-10] DEBUG UsuarioRestController - Listando todos los usuarios
2026-05-24 01:04:25.891 [http-nio-8080-exec-10] DEBUG UsuarioServiceImpl - Obteniendo DAO de Usuario
2026-05-24 01:04:25.900 [http-nio-8080-exec-9] DEBUG UsuarioRestController - Listando todos los usuarios
2026-05-24 01:04:25.900 [http-nio-8080-exec-9] DEBUG UsuarioServiceImpl - Obteniendo DAO de Usuario
2026-05-24 01:04:25.909 [http-nio-8080-exec-1] DEBUG UsuarioRestController - Listando todos los usuarios
2026-05-24 01:04:25.909 [http-nio-8080-exec-1] DEBUG UsuarioServiceImpl - Obteniendo DAO de Usuario
2026-05-24 01:04:25.918 [http-nio-8080-exec-3] DEBUG UsuarioRestController - Listando todos los usuarios
2026-05-24 01:04:25.918 [http-nio-8080-exec-3] DEBUG UsuarioServiceImpl - Obteniendo DAO de Usuario
2026-05-24 01:04:25.928 [http-nio-8080-exec-2] DEBUG UsuarioRestController - Listando todos los usuarios
2026-05-24 01:04:25.928 [http-nio-8080-exec-2] DEBUG UsuarioServiceImpl - Obteniendo DAO de Usuario
2026-05-24 01:04:25.943 [http-nio-8080-exec-5] DEBUG UsuarioRestController - Listando todos los usuarios
2026-05-24 01:04:25.943 [http-nio-8080-exec-5] DEBUG UsuarioServiceImpl - Obteniendo DAO de Usuario
2026-05-24 01:04:25.959 [http-nio-8080-exec-6] DEBUG UsuarioRestController - Listando todos los usuarios
2026-05-24 01:04:25.959 [http-nio-8080-exec-6] DEBUG UsuarioServiceImpl - Obteniendo DAO de Usuario
2026-05-24 01:04:25.976 [http-nio-8080-exec-7] DEBUG UsuarioRestController - Listando todos los usuarios
2026-05-24 01:04:25.976 [http-nio-8080-exec-7] DEBUG UsuarioServiceImpl - Obteniendo DAO de Usuario
2026-05-24 01:04:25.991 [http-nio-8080-exec-4] DEBUG UsuarioRestController - Listando todos los usuarios
2026-05-24 01:04:25.991 [http-nio-8080-exec-4] DEBUG UsuarioServiceImpl - Obteniendo DAO de Usuario
2026-05-24 01:04:26.003 [http-nio-8080-exec-8] DEBUG UsuarioRestController - Listando todos los usuarios
2026-05-24 01:04:26.003 [http-nio-8080-exec-8] DEBUG UsuarioServiceImpl - Obteniendo DAO de Usuario
2026-05-24 01:04:26.017 [http-nio-8080-exec-10] DEBUG UsuarioRestController - Listando todos los usuarios
2026-05-24 01:04:26.017 [http-nio-8080-exec-10] DEBUG UsuarioServiceImpl - Obteniendo DAO de Usuario
2026-05-24 01:04:26.033 [http-nio-8080-exec-9] DEBUG UsuarioRestController - Listando todos los usuarios
2026-05-24 01:04:26.033 [http-nio-8080-exec-9] DEBUG UsuarioServiceImpl - Obteniendo DAO de Usuario
2026-05-24 01:04:26.048 [http-nio-8080-exec-1] DEBUG UsuarioRestController - Listando todos los usuarios
2026-05-24 01:04:26.049 [http-nio-8080-exec-1] DEBUG UsuarioServiceImpl - Obteniendo DAO de Usuario
2026-05-24 01:04:26.063 [http-nio-8080-exec-3] DEBUG UsuarioRestController - Listando todos los usuarios
2026-05-24 01:04:26.063 [http-nio-8080-exec-3] DEBUG UsuarioServiceImpl - Obteniendo DAO de Usuario
2026-05-24 01:04:26.076 [http-nio-8080-exec-2] DEBUG UsuarioRestController - Listando todos los usuarios
2026-05-24 01:04:26.077 [http-nio-8080-exec-2] DEBUG UsuarioServiceImpl - Obteniendo DAO de Usuario
2026-05-24 01:04:26.095 [http-nio-8080-exec-5] DEBUG UsuarioRestController - Listando todos los usuarios
2026-05-24 01:04:26.095 [http-nio-8080-exec-5] DEBUG UsuarioServiceImpl - Obteniendo DAO de Usuario
2026-05-24 01:04:26.106 [http-nio-8080-exec-6] DEBUG UsuarioRestController - Listando todos los usuarios
2026-05-24 01:04:26.106 [http-nio-8080-exec-6] DEBUG UsuarioServiceImpl - Obteniendo DAO de Usuario
2026-05-24 01:04:26.114 [http-nio-8080-exec-7] DEBUG UsuarioRestController - Listando todos los usuarios
2026-05-24 01:04:26.114 [http-nio-8080-exec-7] DEBUG UsuarioServiceImpl - Obteniendo DAO de Usuario
2026-05-24 01:04:26.121 [http-nio-8080-exec-4] DEBUG UsuarioRestController - Listando todos los usuarios
2026-05-24 01:04:26.121 [http-nio-8080-exec-4] DEBUG UsuarioServiceImpl - Obteniendo DAO de Usuario
2026-05-24 01:04:26.129 [http-nio-8080-exec-8] DEBUG UsuarioRestController - Listando todos los usuarios
2026-05-24 01:04:26.129 [http-nio-8080-exec-8] DEBUG UsuarioServiceImpl - Obteniendo DAO de Usuario
2026-05-24 01:04:26.136 [http-nio-8080-exec-10] DEBUG UsuarioRestController - Listando todos los usuarios
2026-05-24 01:04:26.136 [http-nio-8080-exec-10] DEBUG UsuarioServiceImpl - Obteniendo DAO de Usuario
2026-05-24 01:04:26.144 [http-nio-8080-exec-9] DEBUG UsuarioRestController - Listando todos los usuarios
2026-05-24 01:04:26.144 [http-nio-8080-exec-9] DEBUG UsuarioServiceImpl - Obteniendo DAO de Usuario
2026-05-24 01:04:26.150 [http-nio-8080-exec-1] DEBUG UsuarioRestController - Listando todos los usuarios
2026-05-24 01:04:26.150 [http-nio-8080-exec-1] DEBUG UsuarioServiceImpl - Obteniendo DAO de Usuario
2026-05-24 01:04:26.157 [http-nio-8080-exec-3] DEBUG UsuarioRestController - Listando todos los usuarios
2026-05-24 01:04:26.157 [http-nio-8080-exec-3] DEBUG UsuarioServiceImpl - Obteniendo DAO de Usuario
2026-05-24 01:04:26.163 [http-nio-8080-exec-2] DEBUG UsuarioRestController - Listando todos los usuarios
2026-05-24 01:04:26.163 [http-nio-8080-exec-2] DEBUG UsuarioServiceImpl - Obteniendo DAO de Usuario
2026-05-24 01:04:26.169 [http-nio-8080-exec-5] DEBUG UsuarioRestController - Listando todos los usuarios
2026-05-24 01:04:26.169 [http-nio-8080-exec-5] DEBUG UsuarioServiceImpl - Obteniendo DAO de Usuario
2026-05-24 01:04:26.176 [http-nio-8080-exec-6] DEBUG UsuarioRestController - Listando todos los usuarios
2026-05-24 01:04:26.176 [http-nio-8080-exec-6] DEBUG UsuarioServiceImpl - Obteniendo DAO de Usuario
2026-05-24 01:04:26.184 [http-nio-8080-exec-7] DEBUG UsuarioRestController - Listando todos los usuarios
2026-05-24 01:04:26.184 [http-nio-8080-exec-7] DEBUG UsuarioServiceImpl - Obteniendo DAO de Usuario
2026-05-24 01:04:26.194 [http-nio-8080-exec-4] DEBUG UsuarioRestController - Listando todos los usuarios
2026-05-24 01:04:26.194 [http-nio-8080-exec-4] DEBUG UsuarioServiceImpl - Obteniendo DAO de Usuario
2026-05-24 01:04:26.202 [http-nio-8080-exec-8] DEBUG UsuarioRestController - Listando todos los usuarios
2026-05-24 01:04:26.203 [http-nio-8080-exec-8] DEBUG UsuarioServiceImpl - Obteniendo DAO de Usuario
2026-05-24 01:04:26.210 [http-nio-8080-exec-10] DEBUG UsuarioRestController - Listando todos los usuarios
2026-05-24 01:04:26.210 [http-nio-8080-exec-10] DEBUG UsuarioServiceImpl - Obteniendo DAO de Usuario
2026-05-24 01:04:26.217 [http-nio-8080-exec-9] DEBUG UsuarioRestController - Listando todos los usuarios
2026-05-24 01:04:26.217 [http-nio-8080-exec-9] DEBUG UsuarioServiceImpl - Obteniendo DAO de Usuario
2026-05-24 01:04:26.224 [http-nio-8080-exec-1] DEBUG UsuarioRestController - Listando todos los usuarios
2026-05-24 01:04:26.224 [http-nio-8080-exec-1] DEBUG UsuarioServiceImpl - Obteniendo DAO de Usuario
2026-05-24 01:04:26.231 [http-nio-8080-exec-3] DEBUG UsuarioRestController - Listando todos los usuarios
2026-05-24 01:04:26.231 [http-nio-8080-exec-3] DEBUG UsuarioServiceImpl - Obteniendo DAO de Usuario
2026-05-24 01:04:26.238 [http-nio-8080-exec-2] DEBUG UsuarioRestController - Listando todos los usuarios
2026-05-24 01:04:26.238 [http-nio-8080-exec-2] DEBUG UsuarioServiceImpl - Obteniendo DAO de Usuario
2026-05-24 01:04:26.246 [http-nio-8080-exec-5] DEBUG UsuarioRestController - Listando todos los usuarios
2026-05-24 01:04:26.246 [http-nio-8080-exec-5] DEBUG UsuarioServiceImpl - Obteniendo DAO de Usuario
2026-05-24 01:04:26.256 [http-nio-8080-exec-6] DEBUG UsuarioRestController - Listando todos los usuarios
2026-05-24 01:04:26.256 [http-nio-8080-exec-6] DEBUG UsuarioServiceImpl - Obteniendo DAO de Usuario
2026-05-24 01:04:26.263 [http-nio-8080-exec-7] DEBUG UsuarioRestController - Listando todos los usuarios
2026-05-24 01:04:26.263 [http-nio-8080-exec-7] DEBUG UsuarioServiceImpl - Obteniendo DAO de Usuario
2026-05-24 01:04:26.269 [http-nio-8080-exec-4] DEBUG UsuarioRestController - Listando todos los usuarios
2026-05-24 01:04:26.269 [http-nio-8080-exec-4] DEBUG UsuarioServiceImpl - Obteniendo DAO de Usuario
2026-05-24 01:04:26.276 [http-nio-8080-exec-8] DEBUG UsuarioRestController - Listando todos los usuarios
2026-05-24 01:04:26.276 [http-nio-8080-exec-8] DEBUG UsuarioServiceImpl - Obteniendo DAO de Usuario
2026-05-24 01:04:26.282 [http-nio-8080-exec-10] DEBUG UsuarioRestController - Listando todos los usuarios
2026-05-24 01:04:26.282 [http-nio-8080-exec-10] DEBUG UsuarioServiceImpl - Obteniendo DAO de Usuario
2026-05-24 01:04:26.288 [http-nio-8080-exec-9] DEBUG UsuarioRestController - Listando todos los usuarios
2026-05-24 01:04:26.288 [http-nio-8080-exec-9] DEBUG UsuarioServiceImpl - Obteniendo DAO de Usuario
2026-05-24 01:04:26.296 [http-nio-8080-exec-1] DEBUG UsuarioRestController - Listando todos los usuarios
2026-05-24 01:04:26.296 [http-nio-8080-exec-1] DEBUG UsuarioServiceImpl - Obteniendo DAO de Usuario
2026-05-24 01:04:26.302 [http-nio-8080-exec-3] DEBUG UsuarioRestController - Listando todos los usuarios
2026-05-24 01:04:26.302 [http-nio-8080-exec-3] DEBUG UsuarioServiceImpl - Obteniendo DAO de Usuario
2026-05-24 01:04:26.309 [http-nio-8080-exec-2] DEBUG UsuarioRestController - Listando todos los usuarios
2026-05-24 01:04:26.309 [http-nio-8080-exec-2] DEBUG UsuarioServiceImpl - Obteniendo DAO de Usuario
2026-05-24 01:04:26.315 [http-nio-8080-exec-5] DEBUG UsuarioRestController - Listando todos los usuarios
2026-05-24 01:04:26.315 [http-nio-8080-exec-5] DEBUG UsuarioServiceImpl - Obteniendo DAO de Usuario
2026-05-24 01:04:26.322 [http-nio-8080-exec-6] DEBUG UsuarioRestController - Listando todos los usuarios
2026-05-24 01:04:26.322 [http-nio-8080-exec-6] DEBUG UsuarioServiceImpl - Obteniendo DAO de Usuario
2026-05-24 01:04:26.330 [http-nio-8080-exec-7] DEBUG UsuarioRestController - Listando todos los usuarios
2026-05-24 01:04:26.330 [http-nio-8080-exec-7] DEBUG UsuarioServiceImpl - Obteniendo DAO de Usuario
2026-05-24 01:04:26.338 [http-nio-8080-exec-4] DEBUG UsuarioRestController - Listando todos los usuarios
2026-05-24 01:04:26.338 [http-nio-8080-exec-4] DEBUG UsuarioServiceImpl - Obteniendo DAO de Usuario
2026-05-24 01:04:26.346 [http-nio-8080-exec-8] DEBUG UsuarioRestController - Listando todos los usuarios
2026-05-24 01:04:26.346 [http-nio-8080-exec-8] DEBUG UsuarioServiceImpl - Obteniendo DAO de Usuario
2026-05-24 01:04:26.353 [http-nio-8080-exec-10] DEBUG UsuarioRestController - Listando todos los usuarios
2026-05-24 01:04:26.353 [http-nio-8080-exec-10] DEBUG UsuarioServiceImpl - Obteniendo DAO de Usuario
2026-05-24 01:04:26.360 [http-nio-8080-exec-9] DEBUG UsuarioRestController - Listando todos los usuarios
2026-05-24 01:04:26.360 [http-nio-8080-exec-9] DEBUG UsuarioServiceImpl - Obteniendo DAO de Usuario
2026-05-24 01:04:26.367 [http-nio-8080-exec-1] DEBUG UsuarioRestController - Listando todos los usuarios
2026-05-24 01:04:26.367 [http-nio-8080-exec-1] DEBUG UsuarioServiceImpl - Obteniendo DAO de Usuario
2026-05-24 01:04:26.373 [http-nio-8080-exec-3] DEBUG UsuarioRestController - Listando todos los usuarios
2026-05-24 01:04:26.373 [http-nio-8080-exec-3] DEBUG UsuarioServiceImpl - Obteniendo DAO de Usuario
2026-05-24 01:04:26.379 [http-nio-8080-exec-2] DEBUG UsuarioRestController - Listando todos los usuarios
2026-05-24 01:04:26.379 [http-nio-8080-exec-2] DEBUG UsuarioServiceImpl - Obteniendo DAO de Usuario
2026-05-24 01:04:26.386 [http-nio-8080-exec-5] DEBUG UsuarioRestController - Listando todos los usuarios
2026-05-24 01:04:26.386 [http-nio-8080-exec-5] DEBUG UsuarioServiceImpl - Obteniendo DAO de Usuario
2026-05-24 01:04:26.392 [http-nio-8080-exec-6] DEBUG UsuarioRestController - Listando todos los usuarios
2026-05-24 01:04:26.392 [http-nio-8080-exec-6] DEBUG UsuarioServiceImpl - Obteniendo DAO de Usuario
2026-05-24 01:04:26.399 [http-nio-8080-exec-7] DEBUG UsuarioRestController - Listando todos los usuarios
2026-05-24 01:04:26.399 [http-nio-8080-exec-7] DEBUG UsuarioServiceImpl - Obteniendo DAO de Usuario
2026-05-24 01:04:26.406 [http-nio-8080-exec-4] DEBUG UsuarioRestController - Listando todos los usuarios
2026-05-24 01:04:26.407 [http-nio-8080-exec-4] DEBUG UsuarioServiceImpl - Obteniendo DAO de Usuario
2026-05-24 01:04:26.413 [http-nio-8080-exec-8] DEBUG UsuarioRestController - Listando todos los usuarios
2026-05-24 01:04:26.414 [http-nio-8080-exec-8] DEBUG UsuarioServiceImpl - Obteniendo DAO de Usuario
2026-05-24 01:04:26.422 [http-nio-8080-exec-10] DEBUG UsuarioRestController - Listando todos los usuarios
2026-05-24 01:04:26.422 [http-nio-8080-exec-10] DEBUG UsuarioServiceImpl - Obteniendo DAO de Usuario
2026-05-24 01:04:26.428 [http-nio-8080-exec-9] DEBUG UsuarioRestController - Listando todos los usuarios
2026-05-24 01:04:26.428 [http-nio-8080-exec-9] DEBUG UsuarioServiceImpl - Obteniendo DAO de Usuario
2026-05-24 01:04:26.434 [http-nio-8080-exec-1] DEBUG UsuarioRestController - Listando todos los usuarios
2026-05-24 01:04:26.435 [http-nio-8080-exec-1] DEBUG UsuarioServiceImpl - Obteniendo DAO de Usuario
2026-05-24 01:04:26.441 [http-nio-8080-exec-3] DEBUG UsuarioRestController - Listando todos los usuarios
2026-05-24 01:04:26.441 [http-nio-8080-exec-3] DEBUG UsuarioServiceImpl - Obteniendo DAO de Usuario
2026-05-24 01:04:26.446 [http-nio-8080-exec-2] DEBUG UsuarioRestController - Listando todos los usuarios
2026-05-24 01:04:26.446 [http-nio-8080-exec-2] DEBUG UsuarioServiceImpl - Obteniendo DAO de Usuario
2026-05-24 01:04:26.452 [http-nio-8080-exec-5] DEBUG UsuarioRestController - Listando todos los usuarios
2026-05-24 01:04:26.453 [http-nio-8080-exec-5] DEBUG UsuarioServiceImpl - Obteniendo DAO de Usuario
2026-05-24 01:04:26.459 [http-nio-8080-exec-6] DEBUG UsuarioRestController - Listando todos los usuarios
2026-05-24 01:04:26.459 [http-nio-8080-exec-6] DEBUG UsuarioServiceImpl - Obteniendo DAO de Usuario
2026-05-24 01:04:26.466 [http-nio-8080-exec-7] DEBUG UsuarioRestController - Listando todos los usuarios
2026-05-24 01:04:26.466 [http-nio-8080-exec-7] DEBUG UsuarioServiceImpl - Obteniendo DAO de Usuario
2026-05-24 01:04:26.473 [http-nio-8080-exec-4] DEBUG UsuarioRestController - Listando todos los usuarios
2026-05-24 01:04:26.473 [http-nio-8080-exec-4] DEBUG UsuarioServiceImpl - Obteniendo DAO de Usuario
2026-05-24 01:04:26.479 [http-nio-8080-exec-8] DEBUG UsuarioRestController - Listando todos los usuarios
2026-05-24 01:04:26.479 [http-nio-8080-exec-8] DEBUG UsuarioServiceImpl - Obteniendo DAO de Usuario
2026-05-24 01:04:26.487 [http-nio-8080-exec-10] DEBUG UsuarioRestController - Listando todos los usuarios
2026-05-24 01:04:26.487 [http-nio-8080-exec-10] DEBUG UsuarioServiceImpl - Obteniendo DAO de Usuario
2026-05-24 01:04:26.496 [http-nio-8080-exec-9] DEBUG UsuarioRestController - Listando todos los usuarios
2026-05-24 01:04:26.496 [http-nio-8080-exec-9] DEBUG UsuarioServiceImpl - Obteniendo DAO de Usuario
2026-05-24 01:04:26.505 [http-nio-8080-exec-1] DEBUG UsuarioRestController - Listando todos los usuarios
2026-05-24 01:04:26.505 [http-nio-8080-exec-1] DEBUG UsuarioServiceImpl - Obteniendo DAO de Usuario
2026-05-24 01:04:26.514 [http-nio-8080-exec-3] DEBUG UsuarioRestController - Listando todos los usuarios
2026-05-24 01:04:26.514 [http-nio-8080-exec-3] DEBUG UsuarioServiceImpl - Obteniendo DAO de Usuario
2026-05-24 01:04:26.523 [http-nio-8080-exec-2] DEBUG UsuarioRestController - Listando todos los usuarios
2026-05-24 01:04:26.523 [http-nio-8080-exec-2] DEBUG UsuarioServiceImpl - Obteniendo DAO de Usuario
2026-05-24 01:04:26.534 [http-nio-8080-exec-5] DEBUG UsuarioRestController - Listando todos los usuarios
2026-05-24 01:04:26.535 [http-nio-8080-exec-5] DEBUG UsuarioServiceImpl - Obteniendo DAO de Usuario
2026-05-24 01:04:26.547 [http-nio-8080-exec-6] DEBUG UsuarioRestController - Listando todos los usuarios
2026-05-24 01:04:26.547 [http-nio-8080-exec-6] DEBUG UsuarioServiceImpl - Obteniendo DAO de Usuario
2026-05-24 01:04:26.558 [http-nio-8080-exec-7] DEBUG UsuarioRestController - Listando todos los usuarios
2026-05-24 01:04:26.558 [http-nio-8080-exec-7] DEBUG UsuarioServiceImpl - Obteniendo DAO de Usuario
2026-05-24 01:04:26.569 [http-nio-8080-exec-4] DEBUG UsuarioRestController - Listando todos los usuarios
2026-05-24 01:04:26.569 [http-nio-8080-exec-4] DEBUG UsuarioServiceImpl - Obteniendo DAO de Usuario
2026-05-24 01:04:26.580 [http-nio-8080-exec-8] DEBUG UsuarioRestController - Listando todos los usuarios
2026-05-24 01:04:26.580 [http-nio-8080-exec-8] DEBUG UsuarioServiceImpl - Obteniendo DAO de Usuario
2026-05-24 01:04:26.590 [http-nio-8080-exec-10] DEBUG UsuarioRestController - Listando todos los usuarios
2026-05-24 01:04:26.590 [http-nio-8080-exec-10] DEBUG UsuarioServiceImpl - Obteniendo DAO de Usuario
2026-05-24 01:04:26.599 [http-nio-8080-exec-9] DEBUG UsuarioRestController - Listando todos los usuarios
2026-05-24 01:04:26.599 [http-nio-8080-exec-9] DEBUG UsuarioServiceImpl - Obteniendo DAO de Usuario
2026-05-24 01:04:26.609 [http-nio-8080-exec-1] DEBUG UsuarioRestController - Listando todos los usuarios
2026-05-24 01:04:26.609 [http-nio-8080-exec-1] DEBUG UsuarioServiceImpl - Obteniendo DAO de Usuario
2026-05-24 01:04:26.616 [http-nio-8080-exec-3] DEBUG UsuarioRestController - Listando todos los usuarios
2026-05-24 01:04:26.616 [http-nio-8080-exec-3] DEBUG UsuarioServiceImpl - Obteniendo DAO de Usuario
2026-05-24 01:04:26.625 [http-nio-8080-exec-2] DEBUG UsuarioRestController - Listando todos los usuarios
2026-05-24 01:04:26.625 [http-nio-8080-exec-2] DEBUG UsuarioServiceImpl - Obteniendo DAO de Usuario
2026-05-24 01:04:26.633 [http-nio-8080-exec-5] DEBUG UsuarioRestController - Listando todos los usuarios
2026-05-24 01:04:26.633 [http-nio-8080-exec-5] DEBUG UsuarioServiceImpl - Obteniendo DAO de Usuario
2026-05-24 01:04:26.643 [http-nio-8080-exec-6] DEBUG UsuarioRestController - Listando todos los usuarios
2026-05-24 01:04:26.643 [http-nio-8080-exec-6] DEBUG UsuarioServiceImpl - Obteniendo DAO de Usuario
2026-05-24 01:04:26.653 [http-nio-8080-exec-7] DEBUG UsuarioRestController - Listando todos los usuarios
2026-05-24 01:04:26.653 [http-nio-8080-exec-7] DEBUG UsuarioServiceImpl - Obteniendo DAO de Usuario
2026-05-24 01:04:26.662 [http-nio-8080-exec-4] DEBUG UsuarioRestController - Listando todos los usuarios
2026-05-24 01:04:26.662 [http-nio-8080-exec-4] DEBUG UsuarioServiceImpl - Obteniendo DAO de Usuario
2026-05-24 01:04:26.670 [http-nio-8080-exec-8] DEBUG UsuarioRestController - Listando todos los usuarios
2026-05-24 01:04:26.670 [http-nio-8080-exec-8] DEBUG UsuarioServiceImpl - Obteniendo DAO de Usuario
2026-05-24 01:04:26.677 [http-nio-8080-exec-10] DEBUG UsuarioRestController - Listando todos los usuarios
2026-05-24 01:04:26.678 [http-nio-8080-exec-10] DEBUG UsuarioServiceImpl - Obteniendo DAO de Usuario
2026-05-24 01:04:26.686 [http-nio-8080-exec-9] DEBUG UsuarioRestController - Listando todos los usuarios
2026-05-24 01:04:26.686 [http-nio-8080-exec-9] DEBUG UsuarioServiceImpl - Obteniendo DAO de Usuario
2026-05-24 01:04:26.696 [http-nio-8080-exec-1] DEBUG UsuarioRestController - Listando todos los usuarios
2026-05-24 01:04:26.696 [http-nio-8080-exec-1] DEBUG UsuarioServiceImpl - Obteniendo DAO de Usuario
2026-05-24 01:04:26.703 [http-nio-8080-exec-3] DEBUG UsuarioRestController - Listando todos los usuarios
2026-05-24 01:04:26.703 [http-nio-8080-exec-3] DEBUG UsuarioServiceImpl - Obteniendo DAO de Usuario
2026-05-24 01:04:26.710 [http-nio-8080-exec-2] DEBUG UsuarioRestController - Listando todos los usuarios
2026-05-24 01:04:26.710 [http-nio-8080-exec-2] DEBUG UsuarioServiceImpl - Obteniendo DAO de Usuario
2026-05-24 01:04:26.716 [http-nio-8080-exec-5] DEBUG UsuarioRestController - Listando todos los usuarios
2026-05-24 01:04:26.716 [http-nio-8080-exec-5] DEBUG UsuarioServiceImpl - Obteniendo DAO de Usuario
2026-05-24 01:04:26.722 [http-nio-8080-exec-6] DEBUG UsuarioRestController - Listando todos los usuarios
2026-05-24 01:04:26.722 [http-nio-8080-exec-6] DEBUG UsuarioServiceImpl - Obteniendo DAO de Usuario
2026-05-24 01:04:26.727 [http-nio-8080-exec-7] DEBUG UsuarioRestController - Listando todos los usuarios
2026-05-24 01:04:26.727 [http-nio-8080-exec-7] DEBUG UsuarioServiceImpl - Obteniendo DAO de Usuario
2026-05-24 01:04:26.733 [http-nio-8080-exec-4] DEBUG UsuarioRestController - Listando todos los usuarios
2026-05-24 01:04:26.733 [http-nio-8080-exec-4] DEBUG UsuarioServiceImpl - Obteniendo DAO de Usuario
2026-05-24 01:04:26.738 [http-nio-8080-exec-8] DEBUG UsuarioRestController - Listando todos los usuarios
2026-05-24 01:04:26.738 [http-nio-8080-exec-8] DEBUG UsuarioServiceImpl - Obteniendo DAO de Usuario
2026-05-24 01:04:26.744 [http-nio-8080-exec-10] DEBUG UsuarioRestController - Listando todos los usuarios
2026-05-24 01:04:26.744 [http-nio-8080-exec-10] DEBUG UsuarioServiceImpl - Obteniendo DAO de Usuario
2026-05-24 01:04:26.751 [http-nio-8080-exec-9] DEBUG UsuarioRestController - Listando todos los usuarios
2026-05-24 01:04:26.751 [http-nio-8080-exec-9] DEBUG UsuarioServiceImpl - Obteniendo DAO de Usuario
2026-05-24 01:04:26.756 [http-nio-8080-exec-1] DEBUG UsuarioRestController - Listando todos los usuarios
2026-05-24 01:04:26.757 [http-nio-8080-exec-1] DEBUG UsuarioServiceImpl - Obteniendo DAO de Usuario
2026-05-24 01:04:26.761 [http-nio-8080-exec-3] DEBUG UsuarioRestController - Listando todos los usuarios
2026-05-24 01:04:26.761 [http-nio-8080-exec-3] DEBUG UsuarioServiceImpl - Obteniendo DAO de Usuario
2026-05-24 01:04:26.767 [http-nio-8080-exec-2] DEBUG UsuarioRestController - Listando todos los usuarios
2026-05-24 01:04:26.767 [http-nio-8080-exec-2] DEBUG UsuarioServiceImpl - Obteniendo DAO de Usuario
2026-05-24 01:04:26.771 [http-nio-8080-exec-5] DEBUG UsuarioRestController - Listando todos los usuarios
2026-05-24 01:04:26.772 [http-nio-8080-exec-5] DEBUG UsuarioServiceImpl - Obteniendo DAO de Usuario
2026-05-24 01:04:26.776 [http-nio-8080-exec-6] DEBUG UsuarioRestController - Listando todos los usuarios
2026-05-24 01:04:26.776 [http-nio-8080-exec-6] DEBUG UsuarioServiceImpl - Obteniendo DAO de Usuario
2026-05-24 01:04:26.782 [http-nio-8080-exec-7] DEBUG UsuarioRestController - Listando todos los usuarios
2026-05-24 01:04:26.782 [http-nio-8080-exec-7] DEBUG UsuarioServiceImpl - Obteniendo DAO de Usuario
2026-05-24 01:04:26.788 [http-nio-8080-exec-4] DEBUG UsuarioRestController - Listando todos los usuarios
2026-05-24 01:04:26.788 [http-nio-8080-exec-4] DEBUG UsuarioServiceImpl - Obteniendo DAO de Usuario
2026-05-24 01:04:26.793 [http-nio-8080-exec-8] DEBUG UsuarioRestController - Listando todos los usuarios
2026-05-24 01:04:26.793 [http-nio-8080-exec-8] DEBUG UsuarioServiceImpl - Obteniendo DAO de Usuario
2026-05-24 01:04:26.800 [http-nio-8080-exec-10] DEBUG UsuarioRestController - Listando todos los usuarios
2026-05-24 01:04:26.800 [http-nio-8080-exec-10] DEBUG UsuarioServiceImpl - Obteniendo DAO de Usuario
2026-05-24 01:04:26.804 [http-nio-8080-exec-9] DEBUG UsuarioRestController - Listando todos los usuarios
2026-05-24 01:04:26.804 [http-nio-8080-exec-9] DEBUG UsuarioServiceImpl - Obteniendo DAO de Usuario
2026-05-24 01:04:26.810 [http-nio-8080-exec-1] DEBUG UsuarioRestController - Listando todos los usuarios
2026-05-24 01:04:26.810 [http-nio-8080-exec-1] DEBUG UsuarioServiceImpl - Obteniendo DAO de Usuario
2026-05-24 01:04:26.820 [http-nio-8080-exec-3] DEBUG UsuarioRestController - Listando todos los usuarios
2026-05-24 01:04:26.820 [http-nio-8080-exec-3] DEBUG UsuarioServiceImpl - Obteniendo DAO de Usuario
2026-05-24 01:04:26.825 [http-nio-8080-exec-2] DEBUG UsuarioRestController - Listando todos los usuarios
2026-05-24 01:04:26.825 [http-nio-8080-exec-2] DEBUG UsuarioServiceImpl - Obteniendo DAO de Usuario
2026-05-24 01:04:26.830 [http-nio-8080-exec-5] DEBUG UsuarioRestController - Listando todos los usuarios
2026-05-24 01:04:26.830 [http-nio-8080-exec-5] DEBUG UsuarioServiceImpl - Obteniendo DAO de Usuario
2026-05-24 01:04:26.840 [http-nio-8080-exec-6] DEBUG UsuarioRestController - Listando todos los usuarios
2026-05-24 01:04:26.840 [http-nio-8080-exec-6] DEBUG UsuarioServiceImpl - Obteniendo DAO de Usuario
2026-05-24 01:04:26.847 [http-nio-8080-exec-7] DEBUG UsuarioRestController - Listando todos los usuarios
2026-05-24 01:04:26.847 [http-nio-8080-exec-7] DEBUG UsuarioServiceImpl - Obteniendo DAO de Usuario
2026-05-24 01:04:26.856 [http-nio-8080-exec-4] DEBUG UsuarioRestController - Listando todos los usuarios
2026-05-24 01:04:26.856 [http-nio-8080-exec-4] DEBUG UsuarioServiceImpl - Obteniendo DAO de Usuario
2026-05-24 01:04:26.861 [http-nio-8080-exec-8] DEBUG UsuarioRestController - Listando todos los usuarios
2026-05-24 01:04:26.862 [http-nio-8080-exec-8] DEBUG UsuarioServiceImpl - Obteniendo DAO de Usuario
2026-05-24 01:04:26.868 [http-nio-8080-exec-10] DEBUG UsuarioRestController - Listando todos los usuarios
2026-05-24 01:04:26.868 [http-nio-8080-exec-10] DEBUG UsuarioServiceImpl - Obteniendo DAO de Usuario
2026-05-24 01:04:26.872 [http-nio-8080-exec-9] DEBUG UsuarioRestController - Listando todos los usuarios
2026-05-24 01:04:26.872 [http-nio-8080-exec-9] DEBUG UsuarioServiceImpl - Obteniendo DAO de Usuario
2026-05-24 01:04:26.878 [http-nio-8080-exec-1] DEBUG UsuarioRestController - Listando todos los usuarios
2026-05-24 01:04:26.878 [http-nio-8080-exec-1] DEBUG UsuarioServiceImpl - Obteniendo DAO de Usuario
2026-05-24 01:04:26.883 [http-nio-8080-exec-3] DEBUG UsuarioRestController - Listando todos los usuarios
2026-05-24 01:04:26.883 [http-nio-8080-exec-3] DEBUG UsuarioServiceImpl - Obteniendo DAO de Usuario
2026-05-24 01:04:26.888 [http-nio-8080-exec-2] DEBUG UsuarioRestController - Listando todos los usuarios
2026-05-24 01:04:26.888 [http-nio-8080-exec-2] DEBUG UsuarioServiceImpl - Obteniendo DAO de Usuario
2026-05-24 01:04:26.893 [http-nio-8080-exec-5] DEBUG UsuarioRestController - Listando todos los usuarios
2026-05-24 01:04:26.893 [http-nio-8080-exec-5] DEBUG UsuarioServiceImpl - Obteniendo DAO de Usuario
2026-05-24 01:04:26.900 [http-nio-8080-exec-6] DEBUG UsuarioRestController - Listando todos los usuarios
2026-05-24 01:04:26.900 [http-nio-8080-exec-6] DEBUG UsuarioServiceImpl - Obteniendo DAO de Usuario
2026-05-24 01:04:26.906 [http-nio-8080-exec-7] DEBUG UsuarioRestController - Listando todos los usuarios
2026-05-24 01:04:26.906 [http-nio-8080-exec-7] DEBUG UsuarioServiceImpl - Obteniendo DAO de Usuario
2026-05-24 01:04:26.912 [http-nio-8080-exec-4] DEBUG UsuarioRestController - Listando todos los usuarios
2026-05-24 01:04:26.912 [http-nio-8080-exec-4] DEBUG UsuarioServiceImpl - Obteniendo DAO de Usuario
2026-05-24 01:04:26.917 [http-nio-8080-exec-8] DEBUG UsuarioRestController - Listando todos los usuarios
2026-05-24 01:04:26.917 [http-nio-8080-exec-8] DEBUG UsuarioServiceImpl - Obteniendo DAO de Usuario
2026-05-24 01:04:26.922 [http-nio-8080-exec-10] DEBUG UsuarioRestController - Listando todos los usuarios
2026-05-24 01:04:26.922 [http-nio-8080-exec-10] DEBUG UsuarioServiceImpl - Obteniendo DAO de Usuario
2026-05-24 01:04:26.928 [http-nio-8080-exec-9] DEBUG UsuarioRestController - Listando todos los usuarios
2026-05-24 01:04:26.928 [http-nio-8080-exec-9] DEBUG UsuarioServiceImpl - Obteniendo DAO de Usuario
2026-05-24 01:04:26.935 [http-nio-8080-exec-1] DEBUG UsuarioRestController - Listando todos los usuarios
2026-05-24 01:04:26.935 [http-nio-8080-exec-1] DEBUG UsuarioServiceImpl - Obteniendo DAO de Usuario
2026-05-24 01:04:26.944 [http-nio-8080-exec-3] DEBUG UsuarioRestController - Listando todos los usuarios
2026-05-24 01:04:26.944 [http-nio-8080-exec-3] DEBUG UsuarioServiceImpl - Obteniendo DAO de Usuario
2026-05-24 01:04:26.956 [http-nio-8080-exec-2] DEBUG UsuarioRestController - Listando todos los usuarios
2026-05-24 01:04:26.956 [http-nio-8080-exec-2] DEBUG UsuarioServiceImpl - Obteniendo DAO de Usuario
2026-05-24 01:04:26.965 [http-nio-8080-exec-5] DEBUG UsuarioRestController - Listando todos los usuarios
2026-05-24 01:04:26.965 [http-nio-8080-exec-5] DEBUG UsuarioServiceImpl - Obteniendo DAO de Usuario
2026-05-24 01:04:26.976 [http-nio-8080-exec-6] DEBUG UsuarioRestController - Listando todos los usuarios
2026-05-24 01:04:26.976 [http-nio-8080-exec-6] DEBUG UsuarioServiceImpl - Obteniendo DAO de Usuario
2026-05-24 01:04:26.986 [http-nio-8080-exec-7] DEBUG UsuarioRestController - Listando todos los usuarios
2026-05-24 01:04:26.986 [http-nio-8080-exec-7] DEBUG UsuarioServiceImpl - Obteniendo DAO de Usuario
2026-05-24 01:04:26.996 [http-nio-8080-exec-4] DEBUG UsuarioRestController - Listando todos los usuarios
2026-05-24 01:04:26.996 [http-nio-8080-exec-4] DEBUG UsuarioServiceImpl - Obteniendo DAO de Usuario
2026-05-24 01:04:27.006 [http-nio-8080-exec-8] DEBUG UsuarioRestController - Listando todos los usuarios
2026-05-24 01:04:27.006 [http-nio-8080-exec-8] DEBUG UsuarioServiceImpl - Obteniendo DAO de Usuario
2026-05-24 01:04:27.017 [http-nio-8080-exec-10] DEBUG UsuarioRestController - Listando todos los usuarios
2026-05-24 01:04:27.017 [http-nio-8080-exec-10] DEBUG UsuarioServiceImpl - Obteniendo DAO de Usuario
2026-05-24 01:04:27.027 [http-nio-8080-exec-9] DEBUG UsuarioRestController - Listando todos los usuarios
2026-05-24 01:04:27.027 [http-nio-8080-exec-9] DEBUG UsuarioServiceImpl - Obteniendo DAO de Usuario
2026-05-24 01:04:27.037 [http-nio-8080-exec-1] DEBUG UsuarioRestController - Listando todos los usuarios
2026-05-24 01:04:27.037 [http-nio-8080-exec-1] DEBUG UsuarioServiceImpl - Obteniendo DAO de Usuario
2026-05-24 01:04:27.048 [http-nio-8080-exec-3] DEBUG UsuarioRestController - Listando todos los usuarios
2026-05-24 01:04:27.048 [http-nio-8080-exec-3] DEBUG UsuarioServiceImpl - Obteniendo DAO de Usuario
2026-05-24 01:04:27.059 [http-nio-8080-exec-2] DEBUG UsuarioRestController - Listando todos los usuarios
2026-05-24 01:04:27.059 [http-nio-8080-exec-2] DEBUG UsuarioServiceImpl - Obteniendo DAO de Usuario
2026-05-24 01:04:27.066 [http-nio-8080-exec-5] DEBUG UsuarioRestController - Listando todos los usuarios
2026-05-24 01:04:27.066 [http-nio-8080-exec-5] DEBUG UsuarioServiceImpl - Obteniendo DAO de Usuario
2026-05-24 01:04:27.073 [http-nio-8080-exec-6] DEBUG UsuarioRestController - Listando todos los usuarios
2026-05-24 01:04:27.073 [http-nio-8080-exec-6] DEBUG UsuarioServiceImpl - Obteniendo DAO de Usuario
2026-05-24 01:04:27.079 [http-nio-8080-exec-7] DEBUG UsuarioRestController - Listando todos los usuarios
2026-05-24 01:04:27.079 [http-nio-8080-exec-7] DEBUG UsuarioServiceImpl - Obteniendo DAO de Usuario
2026-05-24 01:04:27.085 [http-nio-8080-exec-4] DEBUG UsuarioRestController - Listando todos los usuarios
2026-05-24 01:04:27.085 [http-nio-8080-exec-4] DEBUG UsuarioServiceImpl - Obteniendo DAO de Usuario
2026-05-24 01:04:27.092 [http-nio-8080-exec-8] DEBUG UsuarioRestController - Listando todos los usuarios
2026-05-24 01:04:27.092 [http-nio-8080-exec-8] DEBUG UsuarioServiceImpl - Obteniendo DAO de Usuario
2026-05-24 01:04:27.098 [http-nio-8080-exec-10] DEBUG UsuarioRestController - Listando todos los usuarios
2026-05-24 01:04:27.099 [http-nio-8080-exec-10] DEBUG UsuarioServiceImpl - Obteniendo DAO de Usuario
2026-05-24 01:04:27.106 [http-nio-8080-exec-9] DEBUG UsuarioRestController - Listando todos los usuarios
2026-05-24 01:04:27.106 [http-nio-8080-exec-9] DEBUG UsuarioServiceImpl - Obteniendo DAO de Usuario
2026-05-24 01:04:27.113 [http-nio-8080-exec-1] DEBUG UsuarioRestController - Listando todos los usuarios
2026-05-24 01:04:27.113 [http-nio-8080-exec-1] DEBUG UsuarioServiceImpl - Obteniendo DAO de Usuario
2026-05-24 01:04:27.119 [http-nio-8080-exec-3] DEBUG UsuarioRestController - Listando todos los usuarios
2026-05-24 01:04:27.119 [http-nio-8080-exec-3] DEBUG UsuarioServiceImpl - Obteniendo DAO de Usuario
2026-05-24 01:04:27.125 [http-nio-8080-exec-2] DEBUG UsuarioRestController - Listando todos los usuarios
2026-05-24 01:04:27.125 [http-nio-8080-exec-2] DEBUG UsuarioServiceImpl - Obteniendo DAO de Usuario
2026-05-24 01:04:27.131 [http-nio-8080-exec-5] DEBUG UsuarioRestController - Listando todos los usuarios
2026-05-24 01:04:27.131 [http-nio-8080-exec-5] DEBUG UsuarioServiceImpl - Obteniendo DAO de Usuario
2026-05-24 01:04:27.138 [http-nio-8080-exec-6] DEBUG UsuarioRestController - Listando todos los usuarios
2026-05-24 01:04:27.138 [http-nio-8080-exec-6] DEBUG UsuarioServiceImpl - Obteniendo DAO de Usuario
2026-05-24 01:04:27.143 [http-nio-8080-exec-7] DEBUG UsuarioRestController - Listando todos los usuarios
2026-05-24 01:04:27.144 [http-nio-8080-exec-7] DEBUG UsuarioServiceImpl - Obteniendo DAO de Usuario
2026-05-24 01:04:27.150 [http-nio-8080-exec-4] DEBUG UsuarioRestController - Listando todos los usuarios
2026-05-24 01:04:27.150 [http-nio-8080-exec-4] DEBUG UsuarioServiceImpl - Obteniendo DAO de Usuario
2026-05-24 01:04:27.156 [http-nio-8080-exec-8] DEBUG UsuarioRestController - Listando todos los usuarios
2026-05-24 01:04:27.156 [http-nio-8080-exec-8] DEBUG UsuarioServiceImpl - Obteniendo DAO de Usuario
2026-05-24 01:04:27.162 [http-nio-8080-exec-10] DEBUG UsuarioRestController - Listando todos los usuarios
2026-05-24 01:04:27.162 [http-nio-8080-exec-10] DEBUG UsuarioServiceImpl - Obteniendo DAO de Usuario
2026-05-24 01:04:27.168 [http-nio-8080-exec-9] DEBUG UsuarioRestController - Listando todos los usuarios
2026-05-24 01:04:27.169 [http-nio-8080-exec-9] DEBUG UsuarioServiceImpl - Obteniendo DAO de Usuario
2026-05-24 01:04:27.175 [http-nio-8080-exec-1] DEBUG UsuarioRestController - Listando todos los usuarios
2026-05-24 01:04:27.175 [http-nio-8080-exec-1] DEBUG UsuarioServiceImpl - Obteniendo DAO de Usuario
2026-05-24 01:04:27.182 [http-nio-8080-exec-3] DEBUG UsuarioRestController - Listando todos los usuarios
2026-05-24 01:04:27.182 [http-nio-8080-exec-3] DEBUG UsuarioServiceImpl - Obteniendo DAO de Usuario
2026-05-24 01:04:27.193 [http-nio-8080-exec-2] DEBUG UsuarioRestController - Listando todos los usuarios
2026-05-24 01:04:27.193 [http-nio-8080-exec-2] DEBUG UsuarioServiceImpl - Obteniendo DAO de Usuario
2026-05-24 01:04:27.201 [http-nio-8080-exec-5] DEBUG UsuarioRestController - Listando todos los usuarios
2026-05-24 01:04:27.201 [http-nio-8080-exec-5] DEBUG UsuarioServiceImpl - Obteniendo DAO de Usuario
2026-05-24 01:04:27.207 [http-nio-8080-exec-6] DEBUG UsuarioRestController - Listando todos los usuarios
2026-05-24 01:04:27.207 [http-nio-8080-exec-6] DEBUG UsuarioServiceImpl - Obteniendo DAO de Usuario
2026-05-24 01:04:27.214 [http-nio-8080-exec-7] DEBUG UsuarioRestController - Listando todos los usuarios
2026-05-24 01:04:27.214 [http-nio-8080-exec-7] DEBUG UsuarioServiceImpl - Obteniendo DAO de Usuario
2026-05-24 01:04:27.220 [http-nio-8080-exec-4] DEBUG UsuarioRestController - Listando todos los usuarios
2026-05-24 01:04:27.220 [http-nio-8080-exec-4] DEBUG UsuarioServiceImpl - Obteniendo DAO de Usuario
2026-05-24 01:04:27.226 [http-nio-8080-exec-8] DEBUG UsuarioRestController - Listando todos los usuarios
2026-05-24 01:04:27.226 [http-nio-8080-exec-8] DEBUG UsuarioServiceImpl - Obteniendo DAO de Usuario
2026-05-24 01:04:27.233 [http-nio-8080-exec-10] DEBUG UsuarioRestController - Listando todos los usuarios
2026-05-24 01:04:27.233 [http-nio-8080-exec-10] DEBUG UsuarioServiceImpl - Obteniendo DAO de Usuario
2026-05-24 01:04:27.239 [http-nio-8080-exec-9] DEBUG UsuarioRestController - Listando todos los usuarios
2026-05-24 01:04:27.239 [http-nio-8080-exec-9] DEBUG UsuarioServiceImpl - Obteniendo DAO de Usuario
2026-05-24 01:04:27.245 [http-nio-8080-exec-1] DEBUG UsuarioRestController - Listando todos los usuarios
2026-05-24 01:04:27.245 [http-nio-8080-exec-1] DEBUG UsuarioServiceImpl - Obteniendo DAO de Usuario
2026-05-24 01:04:27.250 [http-nio-8080-exec-3] DEBUG UsuarioRestController - Listando todos los usuarios
2026-05-24 01:04:27.250 [http-nio-8080-exec-3] DEBUG UsuarioServiceImpl - Obteniendo DAO de Usuario
2026-05-24 01:04:27.256 [http-nio-8080-exec-2] DEBUG UsuarioRestController - Listando todos los usuarios
2026-05-24 01:04:27.256 [http-nio-8080-exec-2] DEBUG UsuarioServiceImpl - Obteniendo DAO de Usuario
2026-05-24 01:04:27.261 [http-nio-8080-exec-5] DEBUG UsuarioRestController - Listando todos los usuarios
2026-05-24 01:04:27.261 [http-nio-8080-exec-5] DEBUG UsuarioServiceImpl - Obteniendo DAO de Usuario
2026-05-24 01:04:27.266 [http-nio-8080-exec-6] DEBUG UsuarioRestController - Listando todos los usuarios
2026-05-24 01:04:27.267 [http-nio-8080-exec-6] DEBUG UsuarioServiceImpl - Obteniendo DAO de Usuario
2026-05-24 01:04:27.273 [http-nio-8080-exec-7] DEBUG UsuarioRestController - Listando todos los usuarios
2026-05-24 01:04:27.273 [http-nio-8080-exec-7] DEBUG UsuarioServiceImpl - Obteniendo DAO de Usuario
2026-05-24 01:04:27.279 [http-nio-8080-exec-4] DEBUG UsuarioRestController - Listando todos los usuarios
2026-05-24 01:04:27.279 [http-nio-8080-exec-4] DEBUG UsuarioServiceImpl - Obteniendo DAO de Usuario
2026-05-24 01:04:27.284 [http-nio-8080-exec-8] DEBUG UsuarioRestController - Listando todos los usuarios
2026-05-24 01:04:27.284 [http-nio-8080-exec-8] DEBUG UsuarioServiceImpl - Obteniendo DAO de Usuario
2026-05-24 01:04:27.290 [http-nio-8080-exec-10] DEBUG UsuarioRestController - Listando todos los usuarios
2026-05-24 01:04:27.291 [http-nio-8080-exec-10] DEBUG UsuarioServiceImpl - Obteniendo DAO de Usuario
2026-05-24 01:04:27.296 [http-nio-8080-exec-9] DEBUG UsuarioRestController - Listando todos los usuarios
2026-05-24 01:04:27.296 [http-nio-8080-exec-9] DEBUG UsuarioServiceImpl - Obteniendo DAO de Usuario
2026-05-24 01:04:27.306 [http-nio-8080-exec-1] DEBUG UsuarioRestController - Listando todos los usuarios
2026-05-24 01:04:27.306 [http-nio-8080-exec-1] DEBUG UsuarioServiceImpl - Obteniendo DAO de Usuario
2026-05-24 01:04:27.317 [http-nio-8080-exec-3] DEBUG UsuarioRestController - Listando todos los usuarios
2026-05-24 01:04:27.317 [http-nio-8080-exec-3] DEBUG UsuarioServiceImpl - Obteniendo DAO de Usuario
2026-05-24 01:04:27.328 [http-nio-8080-exec-2] DEBUG UsuarioRestController - Listando todos los usuarios
2026-05-24 01:04:27.328 [http-nio-8080-exec-2] DEBUG UsuarioServiceImpl - Obteniendo DAO de Usuario
2026-05-24 01:04:27.337 [http-nio-8080-exec-5] DEBUG UsuarioRestController - Listando todos los usuarios
2026-05-24 01:04:27.338 [http-nio-8080-exec-5] DEBUG UsuarioServiceImpl - Obteniendo DAO de Usuario
2026-05-24 01:04:27.346 [http-nio-8080-exec-6] DEBUG UsuarioRestController - Listando todos los usuarios
2026-05-24 01:04:27.346 [http-nio-8080-exec-6] DEBUG UsuarioServiceImpl - Obteniendo DAO de Usuario
2026-05-24 01:04:27.356 [http-nio-8080-exec-7] DEBUG UsuarioRestController - Listando todos los usuarios
2026-05-24 01:04:27.356 [http-nio-8080-exec-7] DEBUG UsuarioServiceImpl - Obteniendo DAO de Usuario
2026-05-24 01:04:27.365 [http-nio-8080-exec-4] DEBUG UsuarioRestController - Listando todos los usuarios
2026-05-24 01:04:27.365 [http-nio-8080-exec-4] DEBUG UsuarioServiceImpl - Obteniendo DAO de Usuario
2026-05-24 01:04:27.375 [http-nio-8080-exec-8] DEBUG UsuarioRestController - Listando todos los usuarios
2026-05-24 01:04:27.375 [http-nio-8080-exec-8] DEBUG UsuarioServiceImpl - Obteniendo DAO de Usuario
2026-05-24 01:04:27.385 [http-nio-8080-exec-10] DEBUG UsuarioRestController - Listando todos los usuarios
2026-05-24 01:04:27.386 [http-nio-8080-exec-10] DEBUG UsuarioServiceImpl - Obteniendo DAO de Usuario
2026-05-24 01:04:27.392 [http-nio-8080-exec-9] DEBUG UsuarioRestController - Listando todos los usuarios
2026-05-24 01:04:27.392 [http-nio-8080-exec-9] DEBUG UsuarioServiceImpl - Obteniendo DAO de Usuario
2026-05-24 01:04:27.398 [http-nio-8080-exec-1] DEBUG UsuarioRestController - Listando todos los usuarios
2026-05-24 01:04:27.399 [http-nio-8080-exec-1] DEBUG UsuarioServiceImpl - Obteniendo DAO de Usuario
2026-05-24 01:04:27.404 [http-nio-8080-exec-3] DEBUG UsuarioRestController - Listando todos los usuarios
2026-05-24 01:04:27.404 [http-nio-8080-exec-3] DEBUG UsuarioServiceImpl - Obteniendo DAO de Usuario
2026-05-24 01:04:27.411 [http-nio-8080-exec-2] DEBUG UsuarioRestController - Listando todos los usuarios
2026-05-24 01:04:27.411 [http-nio-8080-exec-2] DEBUG UsuarioServiceImpl - Obteniendo DAO de Usuario
2026-05-24 01:04:27.416 [http-nio-8080-exec-5] DEBUG UsuarioRestController - Listando todos los usuarios
2026-05-24 01:04:27.416 [http-nio-8080-exec-5] DEBUG UsuarioServiceImpl - Obteniendo DAO de Usuario
2026-05-24 01:04:27.426 [http-nio-8080-exec-6] DEBUG UsuarioRestController - Listando todos los usuarios
2026-05-24 01:04:27.426 [http-nio-8080-exec-6] DEBUG UsuarioServiceImpl - Obteniendo DAO de Usuario
2026-05-24 01:04:27.435 [http-nio-8080-exec-7] DEBUG UsuarioRestController - Listando todos los usuarios
2026-05-24 01:04:27.435 [http-nio-8080-exec-7] DEBUG UsuarioServiceImpl - Obteniendo DAO de Usuario
2026-05-24 01:04:27.444 [http-nio-8080-exec-4] DEBUG UsuarioRestController - Listando todos los usuarios
2026-05-24 01:04:27.444 [http-nio-8080-exec-4] DEBUG UsuarioServiceImpl - Obteniendo DAO de Usuario
2026-05-24 01:04:27.453 [http-nio-8080-exec-8] DEBUG UsuarioRestController - Listando todos los usuarios
2026-05-24 01:04:27.453 [http-nio-8080-exec-8] DEBUG UsuarioServiceImpl - Obteniendo DAO de Usuario
2026-05-24 01:04:27.462 [http-nio-8080-exec-10] DEBUG UsuarioRestController - Listando todos los usuarios
2026-05-24 01:04:27.462 [http-nio-8080-exec-10] DEBUG UsuarioServiceImpl - Obteniendo DAO de Usuario
2026-05-24 01:04:27.471 [http-nio-8080-exec-9] DEBUG UsuarioRestController - Listando todos los usuarios
2026-05-24 01:04:27.472 [http-nio-8080-exec-9] DEBUG UsuarioServiceImpl - Obteniendo DAO de Usuario
2026-05-24 01:04:27.482 [http-nio-8080-exec-1] DEBUG UsuarioRestController - Listando todos los usuarios
2026-05-24 01:04:27.482 [http-nio-8080-exec-1] DEBUG UsuarioServiceImpl - Obteniendo DAO de Usuario
2026-05-24 01:04:27.493 [http-nio-8080-exec-3] DEBUG UsuarioRestController - Listando todos los usuarios
2026-05-24 01:04:27.493 [http-nio-8080-exec-3] DEBUG UsuarioServiceImpl - Obteniendo DAO de Usuario
2026-05-24 01:04:27.500 [http-nio-8080-exec-2] DEBUG UsuarioRestController - Listando todos los usuarios
2026-05-24 01:04:27.500 [http-nio-8080-exec-2] DEBUG UsuarioServiceImpl - Obteniendo DAO de Usuario
2026-05-24 01:04:27.509 [http-nio-8080-exec-5] DEBUG UsuarioRestController - Listando todos los usuarios
2026-05-24 01:04:27.509 [http-nio-8080-exec-5] DEBUG UsuarioServiceImpl - Obteniendo DAO de Usuario
2026-05-24 01:04:27.516 [http-nio-8080-exec-6] DEBUG UsuarioRestController - Listando todos los usuarios
2026-05-24 01:04:27.516 [http-nio-8080-exec-6] DEBUG UsuarioServiceImpl - Obteniendo DAO de Usuario
2026-05-24 01:04:27.521 [http-nio-8080-exec-7] DEBUG UsuarioRestController - Listando todos los usuarios
2026-05-24 01:04:27.521 [http-nio-8080-exec-7] DEBUG UsuarioServiceImpl - Obteniendo DAO de Usuario
2026-05-24 01:04:27.527 [http-nio-8080-exec-4] DEBUG UsuarioRestController - Listando todos los usuarios
2026-05-24 01:04:27.527 [http-nio-8080-exec-4] DEBUG UsuarioServiceImpl - Obteniendo DAO de Usuario
2026-05-24 01:04:27.533 [http-nio-8080-exec-8] DEBUG UsuarioRestController - Listando todos los usuarios
2026-05-24 01:04:27.533 [http-nio-8080-exec-8] DEBUG UsuarioServiceImpl - Obteniendo DAO de Usuario
2026-05-24 01:04:27.542 [http-nio-8080-exec-10] DEBUG UsuarioRestController - Listando todos los usuarios
2026-05-24 01:04:27.542 [http-nio-8080-exec-10] DEBUG UsuarioServiceImpl - Obteniendo DAO de Usuario
2026-05-24 01:04:27.550 [http-nio-8080-exec-9] DEBUG UsuarioRestController - Listando todos los usuarios
2026-05-24 01:04:27.550 [http-nio-8080-exec-9] DEBUG UsuarioServiceImpl - Obteniendo DAO de Usuario
2026-05-24 01:04:27.556 [http-nio-8080-exec-1] DEBUG UsuarioRestController - Listando todos los usuarios
2026-05-24 01:04:27.556 [http-nio-8080-exec-1] DEBUG UsuarioServiceImpl - Obteniendo DAO de Usuario
2026-05-24 01:04:27.561 [http-nio-8080-exec-3] DEBUG UsuarioRestController - Listando todos los usuarios
2026-05-24 01:04:27.561 [http-nio-8080-exec-3] DEBUG UsuarioServiceImpl - Obteniendo DAO de Usuario
2026-05-24 01:04:27.567 [http-nio-8080-exec-2] DEBUG UsuarioRestController - Listando todos los usuarios
2026-05-24 01:04:27.567 [http-nio-8080-exec-2] DEBUG UsuarioServiceImpl - Obteniendo DAO de Usuario
2026-05-24 01:04:27.572 [http-nio-8080-exec-5] DEBUG UsuarioRestController - Listando todos los usuarios
2026-05-24 01:04:27.572 [http-nio-8080-exec-5] DEBUG UsuarioServiceImpl - Obteniendo DAO de Usuario
2026-05-24 01:04:27.579 [http-nio-8080-exec-6] DEBUG UsuarioRestController - Listando todos los usuarios
2026-05-24 01:04:27.579 [http-nio-8080-exec-6] DEBUG UsuarioServiceImpl - Obteniendo DAO de Usuario
2026-05-24 01:04:27.584 [http-nio-8080-exec-7] DEBUG UsuarioRestController - Listando todos los usuarios
2026-05-24 01:04:27.584 [http-nio-8080-exec-7] DEBUG UsuarioServiceImpl - Obteniendo DAO de Usuario
2026-05-24 01:04:27.591 [http-nio-8080-exec-4] DEBUG UsuarioRestController - Listando todos los usuarios
2026-05-24 01:04:27.591 [http-nio-8080-exec-4] DEBUG UsuarioServiceImpl - Obteniendo DAO de Usuario
2026-05-24 01:04:27.596 [http-nio-8080-exec-8] DEBUG UsuarioRestController - Listando todos los usuarios
2026-05-24 01:04:27.596 [http-nio-8080-exec-8] DEBUG UsuarioServiceImpl - Obteniendo DAO de Usuario
2026-05-24 01:04:27.601 [http-nio-8080-exec-10] DEBUG UsuarioRestController - Listando todos los usuarios
2026-05-24 01:04:27.601 [http-nio-8080-exec-10] DEBUG UsuarioServiceImpl - Obteniendo DAO de Usuario
2026-05-24 01:04:27.609 [http-nio-8080-exec-9] DEBUG UsuarioRestController - Listando todos los usuarios
2026-05-24 01:04:27.609 [http-nio-8080-exec-9] DEBUG UsuarioServiceImpl - Obteniendo DAO de Usuario
2026-05-24 01:04:27.615 [http-nio-8080-exec-1] DEBUG UsuarioRestController - Listando todos los usuarios
2026-05-24 01:04:27.615 [http-nio-8080-exec-1] DEBUG UsuarioServiceImpl - Obteniendo DAO de Usuario
2026-05-24 01:04:27.624 [http-nio-8080-exec-3] DEBUG UsuarioRestController - Listando todos los usuarios
2026-05-24 01:04:27.624 [http-nio-8080-exec-3] DEBUG UsuarioServiceImpl - Obteniendo DAO de Usuario
2026-05-24 01:04:27.635 [http-nio-8080-exec-2] DEBUG UsuarioRestController - Listando todos los usuarios
2026-05-24 01:04:27.635 [http-nio-8080-exec-2] DEBUG UsuarioServiceImpl - Obteniendo DAO de Usuario
2026-05-24 01:04:27.645 [http-nio-8080-exec-5] DEBUG UsuarioRestController - Listando todos los usuarios
2026-05-24 01:04:27.646 [http-nio-8080-exec-5] DEBUG UsuarioServiceImpl - Obteniendo DAO de Usuario
2026-05-24 01:04:27.654 [http-nio-8080-exec-6] DEBUG UsuarioRestController - Listando todos los usuarios
2026-05-24 01:04:27.654 [http-nio-8080-exec-6] DEBUG UsuarioServiceImpl - Obteniendo DAO de Usuario
2026-05-24 01:04:27.663 [http-nio-8080-exec-7] DEBUG UsuarioRestController - Listando todos los usuarios
2026-05-24 01:04:27.664 [http-nio-8080-exec-7] DEBUG UsuarioServiceImpl - Obteniendo DAO de Usuario
2026-05-24 01:04:27.673 [http-nio-8080-exec-4] DEBUG UsuarioRestController - Listando todos los usuarios
2026-05-24 01:04:27.673 [http-nio-8080-exec-4] DEBUG UsuarioServiceImpl - Obteniendo DAO de Usuario
2026-05-24 01:04:27.682 [http-nio-8080-exec-8] DEBUG UsuarioRestController - Listando todos los usuarios
2026-05-24 01:04:27.682 [http-nio-8080-exec-8] DEBUG UsuarioServiceImpl - Obteniendo DAO de Usuario
2026-05-24 01:04:27.691 [http-nio-8080-exec-10] DEBUG UsuarioRestController - Listando todos los usuarios
2026-05-24 01:04:27.691 [http-nio-8080-exec-10] DEBUG UsuarioServiceImpl - Obteniendo DAO de Usuario
2026-05-24 01:04:27.700 [http-nio-8080-exec-9] DEBUG UsuarioRestController - Listando todos los usuarios
2026-05-24 01:04:27.700 [http-nio-8080-exec-9] DEBUG UsuarioServiceImpl - Obteniendo DAO de Usuario
2026-05-24 01:04:27.709 [http-nio-8080-exec-1] DEBUG UsuarioRestController - Listando todos los usuarios
2026-05-24 01:04:27.709 [http-nio-8080-exec-1] DEBUG UsuarioServiceImpl - Obteniendo DAO de Usuario
2026-05-24 01:04:27.719 [http-nio-8080-exec-3] DEBUG UsuarioRestController - Listando todos los usuarios
2026-05-24 01:04:27.719 [http-nio-8080-exec-3] DEBUG UsuarioServiceImpl - Obteniendo DAO de Usuario
2026-05-24 01:04:27.728 [http-nio-8080-exec-2] DEBUG UsuarioRestController - Listando todos los usuarios
2026-05-24 01:04:27.728 [http-nio-8080-exec-2] DEBUG UsuarioServiceImpl - Obteniendo DAO de Usuario
2026-05-24 01:04:27.739 [http-nio-8080-exec-5] DEBUG UsuarioRestController - Listando todos los usuarios
2026-05-24 01:04:27.739 [http-nio-8080-exec-5] DEBUG UsuarioServiceImpl - Obteniendo DAO de Usuario
2026-05-24 01:04:27.748 [http-nio-8080-exec-6] DEBUG UsuarioRestController - Listando todos los usuarios
2026-05-24 01:04:27.748 [http-nio-8080-exec-6] DEBUG UsuarioServiceImpl - Obteniendo DAO de Usuario
2026-05-24 01:04:27.755 [http-nio-8080-exec-7] DEBUG UsuarioRestController - Listando todos los usuarios
2026-05-24 01:04:27.755 [http-nio-8080-exec-7] DEBUG UsuarioServiceImpl - Obteniendo DAO de Usuario
2026-05-24 01:04:27.765 [http-nio-8080-exec-4] DEBUG UsuarioRestController - Listando todos los usuarios
2026-05-24 01:04:27.765 [http-nio-8080-exec-4] DEBUG UsuarioServiceImpl - Obteniendo DAO de Usuario
2026-05-24 01:04:27.771 [http-nio-8080-exec-8] DEBUG UsuarioRestController - Listando todos los usuarios
2026-05-24 01:04:27.771 [http-nio-8080-exec-8] DEBUG UsuarioServiceImpl - Obteniendo DAO de Usuario
2026-05-24 01:04:27.776 [http-nio-8080-exec-10] DEBUG UsuarioRestController - Listando todos los usuarios
2026-05-24 01:04:27.776 [http-nio-8080-exec-10] DEBUG UsuarioServiceImpl - Obteniendo DAO de Usuario
2026-05-24 01:04:27.782 [http-nio-8080-exec-9] DEBUG UsuarioRestController - Listando todos los usuarios
2026-05-24 01:04:27.782 [http-nio-8080-exec-9] DEBUG UsuarioServiceImpl - Obteniendo DAO de Usuario
2026-05-24 01:04:27.787 [http-nio-8080-exec-1] DEBUG UsuarioRestController - Listando todos los usuarios
2026-05-24 01:04:27.788 [http-nio-8080-exec-1] DEBUG UsuarioServiceImpl - Obteniendo DAO de Usuario
2026-05-24 01:04:27.793 [http-nio-8080-exec-3] DEBUG UsuarioRestController - Listando todos los usuarios
2026-05-24 01:04:27.793 [http-nio-8080-exec-3] DEBUG UsuarioServiceImpl - Obteniendo DAO de Usuario
2026-05-24 01:04:27.799 [http-nio-8080-exec-2] DEBUG UsuarioRestController - Listando todos los usuarios
2026-05-24 01:04:27.799 [http-nio-8080-exec-2] DEBUG UsuarioServiceImpl - Obteniendo DAO de Usuario
2026-05-24 01:04:27.804 [http-nio-8080-exec-5] DEBUG UsuarioRestController - Listando todos los usuarios
2026-05-24 01:04:27.804 [http-nio-8080-exec-5] DEBUG UsuarioServiceImpl - Obteniendo DAO de Usuario
2026-05-24 01:04:27.809 [http-nio-8080-exec-6] DEBUG UsuarioRestController - Listando todos los usuarios
2026-05-24 01:04:27.809 [http-nio-8080-exec-6] DEBUG UsuarioServiceImpl - Obteniendo DAO de Usuario
2026-05-24 01:04:27.818 [http-nio-8080-exec-7] DEBUG UsuarioRestController - Listando todos los usuarios
2026-05-24 01:04:27.818 [http-nio-8080-exec-7] DEBUG UsuarioServiceImpl - Obteniendo DAO de Usuario
2026-05-24 01:04:27.823 [http-nio-8080-exec-4] DEBUG UsuarioRestController - Listando todos los usuarios
2026-05-24 01:04:27.824 [http-nio-8080-exec-4] DEBUG UsuarioServiceImpl - Obteniendo DAO de Usuario
2026-05-24 01:04:27.829 [http-nio-8080-exec-8] DEBUG UsuarioRestController - Listando todos los usuarios
2026-05-24 01:04:27.829 [http-nio-8080-exec-8] DEBUG UsuarioServiceImpl - Obteniendo DAO de Usuario
2026-05-24 01:04:27.835 [http-nio-8080-exec-10] DEBUG UsuarioRestController - Listando todos los usuarios
2026-05-24 01:04:27.835 [http-nio-8080-exec-10] DEBUG UsuarioServiceImpl - Obteniendo DAO de Usuario
2026-05-24 01:04:27.841 [http-nio-8080-exec-9] DEBUG UsuarioRestController - Listando todos los usuarios
2026-05-24 01:04:27.841 [http-nio-8080-exec-9] DEBUG UsuarioServiceImpl - Obteniendo DAO de Usuario
2026-05-24 01:04:27.847 [http-nio-8080-exec-1] DEBUG UsuarioRestController - Listando todos los usuarios
2026-05-24 01:04:27.847 [http-nio-8080-exec-1] DEBUG UsuarioServiceImpl - Obteniendo DAO de Usuario
2026-05-24 01:04:27.853 [http-nio-8080-exec-3] DEBUG UsuarioRestController - Listando todos los usuarios
2026-05-24 01:04:27.853 [http-nio-8080-exec-3] DEBUG UsuarioServiceImpl - Obteniendo DAO de Usuario
2026-05-24 01:04:27.858 [http-nio-8080-exec-2] DEBUG UsuarioRestController - Listando todos los usuarios
2026-05-24 01:04:27.858 [http-nio-8080-exec-2] DEBUG UsuarioServiceImpl - Obteniendo DAO de Usuario
2026-05-24 01:04:27.867 [http-nio-8080-exec-5] DEBUG UsuarioRestController - Listando todos los usuarios
2026-05-24 01:04:27.867 [http-nio-8080-exec-5] DEBUG UsuarioServiceImpl - Obteniendo DAO de Usuario
2026-05-24 01:04:27.877 [http-nio-8080-exec-6] DEBUG UsuarioRestController - Listando todos los usuarios
2026-05-24 01:04:27.877 [http-nio-8080-exec-6] DEBUG UsuarioServiceImpl - Obteniendo DAO de Usuario
2026-05-24 01:04:27.887 [http-nio-8080-exec-7] DEBUG UsuarioRestController - Listando todos los usuarios
2026-05-24 01:04:27.887 [http-nio-8080-exec-7] DEBUG UsuarioServiceImpl - Obteniendo DAO de Usuario
2026-05-24 01:04:27.896 [http-nio-8080-exec-4] DEBUG UsuarioRestController - Listando todos los usuarios
2026-05-24 01:04:27.896 [http-nio-8080-exec-4] DEBUG UsuarioServiceImpl - Obteniendo DAO de Usuario
2026-05-24 01:04:27.905 [http-nio-8080-exec-8] DEBUG UsuarioRestController - Listando todos los usuarios
2026-05-24 01:04:27.906 [http-nio-8080-exec-8] DEBUG UsuarioServiceImpl - Obteniendo DAO de Usuario
2026-05-24 01:04:27.915 [http-nio-8080-exec-10] DEBUG UsuarioRestController - Listando todos los usuarios
2026-05-24 01:04:27.915 [http-nio-8080-exec-10] DEBUG UsuarioServiceImpl - Obteniendo DAO de Usuario
2026-05-24 01:04:27.923 [http-nio-8080-exec-9] DEBUG UsuarioRestController - Listando todos los usuarios
2026-05-24 01:04:27.923 [http-nio-8080-exec-9] DEBUG UsuarioServiceImpl - Obteniendo DAO de Usuario
2026-05-24 01:04:27.933 [http-nio-8080-exec-1] DEBUG UsuarioRestController - Listando todos los usuarios
2026-05-24 01:04:27.934 [http-nio-8080-exec-1] DEBUG UsuarioServiceImpl - Obteniendo DAO de Usuario
2026-05-24 01:04:27.944 [http-nio-8080-exec-3] DEBUG UsuarioRestController - Listando todos los usuarios
2026-05-24 01:04:27.944 [http-nio-8080-exec-3] DEBUG UsuarioServiceImpl - Obteniendo DAO de Usuario
2026-05-24 01:04:27.955 [http-nio-8080-exec-2] DEBUG UsuarioRestController - Listando todos los usuarios
2026-05-24 01:04:27.955 [http-nio-8080-exec-2] DEBUG UsuarioServiceImpl - Obteniendo DAO de Usuario
2026-05-24 01:04:27.962 [http-nio-8080-exec-5] DEBUG UsuarioRestController - Listando todos los usuarios
2026-05-24 01:04:27.962 [http-nio-8080-exec-5] DEBUG UsuarioServiceImpl - Obteniendo DAO de Usuario
2026-05-24 01:04:27.972 [http-nio-8080-exec-6] DEBUG UsuarioRestController - Listando todos los usuarios
2026-05-24 01:04:27.973 [http-nio-8080-exec-6] DEBUG UsuarioServiceImpl - Obteniendo DAO de Usuario
2026-05-24 01:04:27.978 [http-nio-8080-exec-7] DEBUG UsuarioRestController - Listando todos los usuarios
2026-05-24 01:04:27.978 [http-nio-8080-exec-7] DEBUG UsuarioServiceImpl - Obteniendo DAO de Usuario
2026-05-24 01:04:27.985 [http-nio-8080-exec-4] DEBUG UsuarioRestController - Listando todos los usuarios
2026-05-24 01:04:27.985 [http-nio-8080-exec-4] DEBUG UsuarioServiceImpl - Obteniendo DAO de Usuario
2026-05-24 01:04:27.994 [http-nio-8080-exec-8] DEBUG UsuarioRestController - Listando todos los usuarios
2026-05-24 01:04:27.994 [http-nio-8080-exec-8] DEBUG UsuarioServiceImpl - Obteniendo DAO de Usuario
2026-05-24 01:04:28.003 [http-nio-8080-exec-10] DEBUG UsuarioRestController - Listando todos los usuarios
2026-05-24 01:04:28.003 [http-nio-8080-exec-10] DEBUG UsuarioServiceImpl - Obteniendo DAO de Usuario
2026-05-24 01:04:28.014 [http-nio-8080-exec-9] DEBUG UsuarioRestController - Listando todos los usuarios
2026-05-24 01:04:28.014 [http-nio-8080-exec-9] DEBUG UsuarioServiceImpl - Obteniendo DAO de Usuario
2026-05-24 01:04:28.025 [http-nio-8080-exec-1] DEBUG UsuarioRestController - Listando todos los usuarios
2026-05-24 01:04:28.025 [http-nio-8080-exec-1] DEBUG UsuarioServiceImpl - Obteniendo DAO de Usuario
2026-05-24 01:04:28.035 [http-nio-8080-exec-3] DEBUG UsuarioRestController - Listando todos los usuarios
2026-05-24 01:04:28.035 [http-nio-8080-exec-3] DEBUG UsuarioServiceImpl - Obteniendo DAO de Usuario
2026-05-24 01:04:28.045 [http-nio-8080-exec-2] DEBUG UsuarioRestController - Listando todos los usuarios
2026-05-24 01:04:28.045 [http-nio-8080-exec-2] DEBUG UsuarioServiceImpl - Obteniendo DAO de Usuario
2026-05-24 01:04:28.055 [http-nio-8080-exec-5] DEBUG UsuarioRestController - Listando todos los usuarios
2026-05-24 01:04:28.055 [http-nio-8080-exec-5] DEBUG UsuarioServiceImpl - Obteniendo DAO de Usuario
2026-05-24 01:04:28.065 [http-nio-8080-exec-6] DEBUG UsuarioRestController - Listando todos los usuarios
2026-05-24 01:04:28.065 [http-nio-8080-exec-6] DEBUG UsuarioServiceImpl - Obteniendo DAO de Usuario
2026-05-24 01:04:28.074 [http-nio-8080-exec-7] DEBUG UsuarioRestController - Listando todos los usuarios
2026-05-24 01:04:28.075 [http-nio-8080-exec-7] DEBUG UsuarioServiceImpl - Obteniendo DAO de Usuario
2026-05-24 01:04:28.082 [http-nio-8080-exec-4] DEBUG UsuarioRestController - Listando todos los usuarios
2026-05-24 01:04:28.082 [http-nio-8080-exec-4] DEBUG UsuarioServiceImpl - Obteniendo DAO de Usuario
2026-05-24 01:04:28.089 [http-nio-8080-exec-8] DEBUG UsuarioRestController - Listando todos los usuarios
2026-05-24 01:04:28.089 [http-nio-8080-exec-8] DEBUG UsuarioServiceImpl - Obteniendo DAO de Usuario
2026-05-24 01:04:28.095 [http-nio-8080-exec-10] DEBUG UsuarioRestController - Listando todos los usuarios
2026-05-24 01:04:28.095 [http-nio-8080-exec-10] DEBUG UsuarioServiceImpl - Obteniendo DAO de Usuario
2026-05-24 01:04:28.101 [http-nio-8080-exec-9] DEBUG UsuarioRestController - Listando todos los usuarios
2026-05-24 01:04:28.101 [http-nio-8080-exec-9] DEBUG UsuarioServiceImpl - Obteniendo DAO de Usuario
2026-05-24 01:04:28.106 [http-nio-8080-exec-1] DEBUG UsuarioRestController - Listando todos los usuarios
2026-05-24 01:04:28.106 [http-nio-8080-exec-1] DEBUG UsuarioServiceImpl - Obteniendo DAO de Usuario
2026-05-24 01:04:28.117 [http-nio-8080-exec-3] DEBUG UsuarioRestController - Listando todos los usuarios
2026-05-24 01:04:28.117 [http-nio-8080-exec-3] DEBUG UsuarioServiceImpl - Obteniendo DAO de Usuario
2026-05-24 01:04:28.124 [http-nio-8080-exec-2] DEBUG UsuarioRestController - Listando todos los usuarios
2026-05-24 01:04:28.124 [http-nio-8080-exec-2] DEBUG UsuarioServiceImpl - Obteniendo DAO de Usuario
2026-05-24 01:04:28.131 [http-nio-8080-exec-5] DEBUG UsuarioRestController - Listando todos los usuarios
2026-05-24 01:04:28.131 [http-nio-8080-exec-5] DEBUG UsuarioServiceImpl - Obteniendo DAO de Usuario
2026-05-24 01:04:28.139 [http-nio-8080-exec-6] DEBUG UsuarioRestController - Listando todos los usuarios
2026-05-24 01:04:28.140 [http-nio-8080-exec-6] DEBUG UsuarioServiceImpl - Obteniendo DAO de Usuario
2026-05-24 01:04:28.145 [http-nio-8080-exec-7] DEBUG UsuarioRestController - Listando todos los usuarios
2026-05-24 01:04:28.146 [http-nio-8080-exec-7] DEBUG UsuarioServiceImpl - Obteniendo DAO de Usuario
2026-05-24 01:04:28.152 [http-nio-8080-exec-4] DEBUG UsuarioRestController - Listando todos los usuarios
2026-05-24 01:04:28.152 [http-nio-8080-exec-4] DEBUG UsuarioServiceImpl - Obteniendo DAO de Usuario
2026-05-24 01:04:28.159 [http-nio-8080-exec-8] DEBUG UsuarioRestController - Listando todos los usuarios
2026-05-24 01:04:28.160 [http-nio-8080-exec-8] DEBUG UsuarioServiceImpl - Obteniendo DAO de Usuario
2026-05-24 01:04:28.166 [http-nio-8080-exec-10] DEBUG UsuarioRestController - Listando todos los usuarios
2026-05-24 01:04:28.166 [http-nio-8080-exec-10] DEBUG UsuarioServiceImpl - Obteniendo DAO de Usuario
2026-05-24 01:04:28.173 [http-nio-8080-exec-9] DEBUG UsuarioRestController - Listando todos los usuarios
2026-05-24 01:04:28.173 [http-nio-8080-exec-9] DEBUG UsuarioServiceImpl - Obteniendo DAO de Usuario
2026-05-24 01:04:28.189 [http-nio-8080-exec-1] DEBUG UsuarioRestController - Listando todos los usuarios
2026-05-24 01:04:28.190 [http-nio-8080-exec-1] DEBUG UsuarioServiceImpl - Obteniendo DAO de Usuario
2026-05-24 01:04:28.201 [http-nio-8080-exec-3] DEBUG UsuarioRestController - Listando todos los usuarios
2026-05-24 01:04:28.201 [http-nio-8080-exec-3] DEBUG UsuarioServiceImpl - Obteniendo DAO de Usuario
2026-05-24 01:04:28.209 [http-nio-8080-exec-2] DEBUG UsuarioRestController - Listando todos los usuarios
2026-05-24 01:04:28.209 [http-nio-8080-exec-2] DEBUG UsuarioServiceImpl - Obteniendo DAO de Usuario
2026-05-24 01:04:28.232 [http-nio-8080-exec-5] DEBUG UsuarioRestController - Listando todos los usuarios
2026-05-24 01:04:28.232 [http-nio-8080-exec-5] DEBUG UsuarioServiceImpl - Obteniendo DAO de Usuario
2026-05-24 01:04:28.239 [http-nio-8080-exec-6] DEBUG UsuarioRestController - Listando todos los usuarios
2026-05-24 01:04:28.239 [http-nio-8080-exec-6] DEBUG UsuarioServiceImpl - Obteniendo DAO de Usuario
2026-05-24 01:04:28.245 [http-nio-8080-exec-7] DEBUG UsuarioRestController - Listando todos los usuarios
2026-05-24 01:04:28.245 [http-nio-8080-exec-7] DEBUG UsuarioServiceImpl - Obteniendo DAO de Usuario
2026-05-24 01:04:28.250 [http-nio-8080-exec-4] DEBUG UsuarioRestController - Listando todos los usuarios
2026-05-24 01:04:28.250 [http-nio-8080-exec-4] DEBUG UsuarioServiceImpl - Obteniendo DAO de Usuario
2026-05-24 01:04:28.256 [http-nio-8080-exec-8] DEBUG UsuarioRestController - Listando todos los usuarios
2026-05-24 01:04:28.256 [http-nio-8080-exec-8] DEBUG UsuarioServiceImpl - Obteniendo DAO de Usuario
2026-05-24 01:04:28.261 [http-nio-8080-exec-10] DEBUG UsuarioRestController - Listando todos los usuarios
2026-05-24 01:04:28.261 [http-nio-8080-exec-10] DEBUG UsuarioServiceImpl - Obteniendo DAO de Usuario
2026-05-24 01:04:28.267 [http-nio-8080-exec-9] DEBUG UsuarioRestController - Listando todos los usuarios
2026-05-24 01:04:28.267 [http-nio-8080-exec-9] DEBUG UsuarioServiceImpl - Obteniendo DAO de Usuario
2026-05-24 01:04:28.274 [http-nio-8080-exec-1] DEBUG UsuarioRestController - Listando todos los usuarios
2026-05-24 01:04:28.274 [http-nio-8080-exec-1] DEBUG UsuarioServiceImpl - Obteniendo DAO de Usuario
2026-05-24 01:04:28.280 [http-nio-8080-exec-3] DEBUG UsuarioRestController - Listando todos los usuarios
2026-05-24 01:04:28.281 [http-nio-8080-exec-3] DEBUG UsuarioServiceImpl - Obteniendo DAO de Usuario
2026-05-24 01:04:28.287 [http-nio-8080-exec-2] DEBUG UsuarioRestController - Listando todos los usuarios
2026-05-24 01:04:28.287 [http-nio-8080-exec-2] DEBUG UsuarioServiceImpl - Obteniendo DAO de Usuario
2026-05-24 01:04:28.293 [http-nio-8080-exec-5] DEBUG UsuarioRestController - Listando todos los usuarios
2026-05-24 01:04:28.293 [http-nio-8080-exec-5] DEBUG UsuarioServiceImpl - Obteniendo DAO de Usuario
2026-05-24 01:04:28.299 [http-nio-8080-exec-6] DEBUG UsuarioRestController - Listando todos los usuarios
2026-05-24 01:04:28.299 [http-nio-8080-exec-6] DEBUG UsuarioServiceImpl - Obteniendo DAO de Usuario
2026-05-24 01:04:28.304 [http-nio-8080-exec-7] DEBUG UsuarioRestController - Listando todos los usuarios
2026-05-24 01:04:28.304 [http-nio-8080-exec-7] DEBUG UsuarioServiceImpl - Obteniendo DAO de Usuario
2026-05-24 01:04:28.309 [http-nio-8080-exec-4] DEBUG UsuarioRestController - Listando todos los usuarios
2026-05-24 01:04:28.309 [http-nio-8080-exec-4] DEBUG UsuarioServiceImpl - Obteniendo DAO de Usuario
2026-05-24 01:04:28.314 [http-nio-8080-exec-8] DEBUG UsuarioRestController - Listando todos los usuarios
2026-05-24 01:04:28.314 [http-nio-8080-exec-8] DEBUG UsuarioServiceImpl - Obteniendo DAO de Usuario
2026-05-24 01:04:28.320 [http-nio-8080-exec-10] DEBUG UsuarioRestController - Listando todos los usuarios
2026-05-24 01:04:28.320 [http-nio-8080-exec-10] DEBUG UsuarioServiceImpl - Obteniendo DAO de Usuario
2026-05-24 01:04:28.326 [http-nio-8080-exec-9] DEBUG UsuarioRestController - Listando todos los usuarios
2026-05-24 01:04:28.326 [http-nio-8080-exec-9] DEBUG UsuarioServiceImpl - Obteniendo DAO de Usuario
2026-05-24 01:04:28.332 [http-nio-8080-exec-1] DEBUG UsuarioRestController - Listando todos los usuarios
2026-05-24 01:04:28.332 [http-nio-8080-exec-1] DEBUG UsuarioServiceImpl - Obteniendo DAO de Usuario
2026-05-24 01:04:28.337 [http-nio-8080-exec-3] DEBUG UsuarioRestController - Listando todos los usuarios
2026-05-24 01:04:28.337 [http-nio-8080-exec-3] DEBUG UsuarioServiceImpl - Obteniendo DAO de Usuario
2026-05-24 01:04:28.342 [http-nio-8080-exec-2] DEBUG UsuarioRestController - Listando todos los usuarios
2026-05-24 01:04:28.342 [http-nio-8080-exec-2] DEBUG UsuarioServiceImpl - Obteniendo DAO de Usuario
2026-05-24 01:04:28.348 [http-nio-8080-exec-5] DEBUG UsuarioRestController - Listando todos los usuarios
2026-05-24 01:04:28.348 [http-nio-8080-exec-5] DEBUG UsuarioServiceImpl - Obteniendo DAO de Usuario
2026-05-24 01:04:28.353 [http-nio-8080-exec-6] DEBUG UsuarioRestController - Listando todos los usuarios
2026-05-24 01:04:28.353 [http-nio-8080-exec-6] DEBUG UsuarioServiceImpl - Obteniendo DAO de Usuario
2026-05-24 01:04:28.359 [http-nio-8080-exec-7] DEBUG UsuarioRestController - Listando todos los usuarios
2026-05-24 01:04:28.359 [http-nio-8080-exec-7] DEBUG UsuarioServiceImpl - Obteniendo DAO de Usuario
2026-05-24 01:04:28.364 [http-nio-8080-exec-4] DEBUG UsuarioRestController - Listando todos los usuarios
2026-05-24 01:04:28.364 [http-nio-8080-exec-4] DEBUG UsuarioServiceImpl - Obteniendo DAO de Usuario
2026-05-24 01:04:28.370 [http-nio-8080-exec-8] DEBUG UsuarioRestController - Listando todos los usuarios
2026-05-24 01:04:28.370 [http-nio-8080-exec-8] DEBUG UsuarioServiceImpl - Obteniendo DAO de Usuario
2026-05-24 01:04:28.376 [http-nio-8080-exec-10] DEBUG UsuarioRestController - Listando todos los usuarios
2026-05-24 01:04:28.376 [http-nio-8080-exec-10] DEBUG UsuarioServiceImpl - Obteniendo DAO de Usuario
2026-05-24 01:04:28.383 [http-nio-8080-exec-9] DEBUG UsuarioRestController - Listando todos los usuarios
2026-05-24 01:04:28.383 [http-nio-8080-exec-9] DEBUG UsuarioServiceImpl - Obteniendo DAO de Usuario
2026-05-24 01:04:28.388 [http-nio-8080-exec-1] DEBUG UsuarioRestController - Listando todos los usuarios
2026-05-24 01:04:28.388 [http-nio-8080-exec-1] DEBUG UsuarioServiceImpl - Obteniendo DAO de Usuario
2026-05-24 01:04:28.394 [http-nio-8080-exec-3] DEBUG UsuarioRestController - Listando todos los usuarios
2026-05-24 01:04:28.394 [http-nio-8080-exec-3] DEBUG UsuarioServiceImpl - Obteniendo DAO de Usuario
2026-05-24 01:04:28.399 [http-nio-8080-exec-2] DEBUG UsuarioRestController - Listando todos los usuarios
2026-05-24 01:04:28.401 [http-nio-8080-exec-2] DEBUG UsuarioServiceImpl - Obteniendo DAO de Usuario
2026-05-24 01:04:28.406 [http-nio-8080-exec-5] DEBUG UsuarioRestController - Listando todos los usuarios
2026-05-24 01:04:28.406 [http-nio-8080-exec-5] DEBUG UsuarioServiceImpl - Obteniendo DAO de Usuario
2026-05-24 01:04:28.415 [http-nio-8080-exec-6] DEBUG UsuarioRestController - Listando todos los usuarios
2026-05-24 01:04:28.415 [http-nio-8080-exec-6] DEBUG UsuarioServiceImpl - Obteniendo DAO de Usuario
2026-05-24 01:04:28.424 [http-nio-8080-exec-7] DEBUG UsuarioRestController - Listando todos los usuarios
2026-05-24 01:04:28.424 [http-nio-8080-exec-7] DEBUG UsuarioServiceImpl - Obteniendo DAO de Usuario
2026-05-24 01:04:28.434 [http-nio-8080-exec-4] DEBUG UsuarioRestController - Listando todos los usuarios
2026-05-24 01:04:28.434 [http-nio-8080-exec-4] DEBUG UsuarioServiceImpl - Obteniendo DAO de Usuario
2026-05-24 01:04:28.442 [http-nio-8080-exec-8] DEBUG UsuarioRestController - Listando todos los usuarios
2026-05-24 01:04:28.442 [http-nio-8080-exec-8] DEBUG UsuarioServiceImpl - Obteniendo DAO de Usuario
2026-05-24 01:04:28.450 [http-nio-8080-exec-10] DEBUG UsuarioRestController - Listando todos los usuarios
2026-05-24 01:04:28.450 [http-nio-8080-exec-10] DEBUG UsuarioServiceImpl - Obteniendo DAO de Usuario
2026-05-24 01:04:28.457 [http-nio-8080-exec-9] DEBUG UsuarioRestController - Listando todos los usuarios
2026-05-24 01:04:28.457 [http-nio-8080-exec-9] DEBUG UsuarioServiceImpl - Obteniendo DAO de Usuario
2026-05-24 01:04:28.463 [http-nio-8080-exec-1] DEBUG UsuarioRestController - Listando todos los usuarios
2026-05-24 01:04:28.463 [http-nio-8080-exec-1] DEBUG UsuarioServiceImpl - Obteniendo DAO de Usuario
2026-05-24 01:04:28.468 [http-nio-8080-exec-3] DEBUG UsuarioRestController - Listando todos los usuarios
2026-05-24 01:04:28.468 [http-nio-8080-exec-3] DEBUG UsuarioServiceImpl - Obteniendo DAO de Usuario
2026-05-24 01:04:28.474 [http-nio-8080-exec-2] DEBUG UsuarioRestController - Listando todos los usuarios
2026-05-24 01:04:28.474 [http-nio-8080-exec-2] DEBUG UsuarioServiceImpl - Obteniendo DAO de Usuario
2026-05-24 01:04:28.480 [http-nio-8080-exec-5] DEBUG UsuarioRestController - Listando todos los usuarios
2026-05-24 01:04:28.480 [http-nio-8080-exec-5] DEBUG UsuarioServiceImpl - Obteniendo DAO de Usuario
2026-05-24 01:04:28.486 [http-nio-8080-exec-6] DEBUG UsuarioRestController - Listando todos los usuarios
2026-05-24 01:04:28.486 [http-nio-8080-exec-6] DEBUG UsuarioServiceImpl - Obteniendo DAO de Usuario
2026-05-24 01:04:28.491 [http-nio-8080-exec-7] DEBUG UsuarioRestController - Listando todos los usuarios
2026-05-24 01:04:28.491 [http-nio-8080-exec-7] DEBUG UsuarioServiceImpl - Obteniendo DAO de Usuario
2026-05-24 01:04:28.496 [http-nio-8080-exec-4] DEBUG UsuarioRestController - Listando todos los usuarios
2026-05-24 01:04:28.496 [http-nio-8080-exec-4] DEBUG UsuarioServiceImpl - Obteniendo DAO de Usuario
2026-05-24 01:04:28.502 [http-nio-8080-exec-8] DEBUG UsuarioRestController - Listando todos los usuarios
2026-05-24 01:04:28.503 [http-nio-8080-exec-8] DEBUG UsuarioServiceImpl - Obteniendo DAO de Usuario
2026-05-24 01:04:28.511 [http-nio-8080-exec-10] DEBUG UsuarioRestController - Listando todos los usuarios
2026-05-24 01:04:28.511 [http-nio-8080-exec-10] DEBUG UsuarioServiceImpl - Obteniendo DAO de Usuario
2026-05-24 01:04:28.520 [http-nio-8080-exec-9] DEBUG UsuarioRestController - Listando todos los usuarios
2026-05-24 01:04:28.520 [http-nio-8080-exec-9] DEBUG UsuarioServiceImpl - Obteniendo DAO de Usuario
2026-05-24 01:04:28.530 [http-nio-8080-exec-1] DEBUG UsuarioRestController - Listando todos los usuarios
2026-05-24 01:04:28.530 [http-nio-8080-exec-1] DEBUG UsuarioServiceImpl - Obteniendo DAO de Usuario
2026-05-24 01:04:28.537 [http-nio-8080-exec-3] DEBUG UsuarioRestController - Listando todos los usuarios
2026-05-24 01:04:28.537 [http-nio-8080-exec-3] DEBUG UsuarioServiceImpl - Obteniendo DAO de Usuario
2026-05-24 01:04:28.545 [http-nio-8080-exec-2] DEBUG UsuarioRestController - Listando todos los usuarios
2026-05-24 01:04:28.545 [http-nio-8080-exec-2] DEBUG UsuarioServiceImpl - Obteniendo DAO de Usuario
2026-05-24 01:04:28.551 [http-nio-8080-exec-5] DEBUG UsuarioRestController - Listando todos los usuarios
2026-05-24 01:04:28.551 [http-nio-8080-exec-5] DEBUG UsuarioServiceImpl - Obteniendo DAO de Usuario
2026-05-24 01:04:28.559 [http-nio-8080-exec-6] DEBUG UsuarioRestController - Listando todos los usuarios
2026-05-24 01:04:28.559 [http-nio-8080-exec-6] DEBUG UsuarioServiceImpl - Obteniendo DAO de Usuario
2026-05-24 01:04:28.567 [http-nio-8080-exec-7] DEBUG UsuarioRestController - Listando todos los usuarios
2026-05-24 01:04:28.567 [http-nio-8080-exec-7] DEBUG UsuarioServiceImpl - Obteniendo DAO de Usuario
2026-05-24 01:04:28.580 [http-nio-8080-exec-4] DEBUG UsuarioRestController - Listando todos los usuarios
2026-05-24 01:04:28.580 [http-nio-8080-exec-4] DEBUG UsuarioServiceImpl - Obteniendo DAO de Usuario
2026-05-24 01:04:28.587 [http-nio-8080-exec-8] DEBUG UsuarioRestController - Listando todos los usuarios
2026-05-24 01:04:28.587 [http-nio-8080-exec-8] DEBUG UsuarioServiceImpl - Obteniendo DAO de Usuario
2026-05-24 01:04:28.599 [http-nio-8080-exec-10] DEBUG UsuarioRestController - Listando todos los usuarios
2026-05-24 01:04:28.599 [http-nio-8080-exec-10] DEBUG UsuarioServiceImpl - Obteniendo DAO de Usuario
2026-05-24 01:04:28.607 [http-nio-8080-exec-9] DEBUG UsuarioRestController - Listando todos los usuarios
2026-05-24 01:04:28.607 [http-nio-8080-exec-9] DEBUG UsuarioServiceImpl - Obteniendo DAO de Usuario
2026-05-24 01:04:28.617 [http-nio-8080-exec-1] DEBUG UsuarioRestController - Listando todos los usuarios
2026-05-24 01:04:28.617 [http-nio-8080-exec-1] DEBUG UsuarioServiceImpl - Obteniendo DAO de Usuario
2026-05-24 01:04:28.626 [http-nio-8080-exec-3] DEBUG UsuarioRestController - Listando todos los usuarios
2026-05-24 01:04:28.626 [http-nio-8080-exec-3] DEBUG UsuarioServiceImpl - Obteniendo DAO de Usuario
2026-05-24 01:04:28.632 [http-nio-8080-exec-2] DEBUG UsuarioRestController - Listando todos los usuarios
2026-05-24 01:04:28.633 [http-nio-8080-exec-2] DEBUG UsuarioServiceImpl - Obteniendo DAO de Usuario
2026-05-24 01:04:28.639 [http-nio-8080-exec-5] DEBUG UsuarioRestController - Listando todos los usuarios
2026-05-24 01:04:28.639 [http-nio-8080-exec-5] DEBUG UsuarioServiceImpl - Obteniendo DAO de Usuario
2026-05-24 01:04:28.645 [http-nio-8080-exec-6] DEBUG UsuarioRestController - Listando todos los usuarios
2026-05-24 01:04:28.645 [http-nio-8080-exec-6] DEBUG UsuarioServiceImpl - Obteniendo DAO de Usuario
2026-05-24 01:04:28.651 [http-nio-8080-exec-7] DEBUG UsuarioRestController - Listando todos los usuarios
2026-05-24 01:04:28.651 [http-nio-8080-exec-7] DEBUG UsuarioServiceImpl - Obteniendo DAO de Usuario
2026-05-24 01:04:28.658 [http-nio-8080-exec-4] DEBUG UsuarioRestController - Listando todos los usuarios
2026-05-24 01:04:28.658 [http-nio-8080-exec-4] DEBUG UsuarioServiceImpl - Obteniendo DAO de Usuario
2026-05-24 01:04:28.663 [http-nio-8080-exec-8] DEBUG UsuarioRestController - Listando todos los usuarios
2026-05-24 01:04:28.663 [http-nio-8080-exec-8] DEBUG UsuarioServiceImpl - Obteniendo DAO de Usuario
2026-05-24 01:04:28.670 [http-nio-8080-exec-10] DEBUG UsuarioRestController - Listando todos los usuarios
2026-05-24 01:04:28.670 [http-nio-8080-exec-10] DEBUG UsuarioServiceImpl - Obteniendo DAO de Usuario
2026-05-24 01:04:28.678 [http-nio-8080-exec-9] DEBUG UsuarioRestController - Listando todos los usuarios
2026-05-24 01:04:28.678 [http-nio-8080-exec-9] DEBUG UsuarioServiceImpl - Obteniendo DAO de Usuario
2026-05-24 01:04:28.685 [http-nio-8080-exec-1] DEBUG UsuarioRestController - Listando todos los usuarios
2026-05-24 01:04:28.685 [http-nio-8080-exec-1] DEBUG UsuarioServiceImpl - Obteniendo DAO de Usuario
2026-05-24 01:04:28.692 [http-nio-8080-exec-3] DEBUG UsuarioRestController - Listando todos los usuarios
2026-05-24 01:04:28.692 [http-nio-8080-exec-3] DEBUG UsuarioServiceImpl - Obteniendo DAO de Usuario
2026-05-24 01:04:28.697 [http-nio-8080-exec-2] DEBUG UsuarioRestController - Listando todos los usuarios
2026-05-24 01:04:28.697 [http-nio-8080-exec-2] DEBUG UsuarioServiceImpl - Obteniendo DAO de Usuario
2026-05-24 01:04:28.702 [http-nio-8080-exec-5] DEBUG UsuarioRestController - Listando todos los usuarios
2026-05-24 01:04:28.702 [http-nio-8080-exec-5] DEBUG UsuarioServiceImpl - Obteniendo DAO de Usuario
2026-05-24 01:04:28.710 [http-nio-8080-exec-6] DEBUG UsuarioRestController - Listando todos los usuarios
2026-05-24 01:04:28.710 [http-nio-8080-exec-6] DEBUG UsuarioServiceImpl - Obteniendo DAO de Usuario
2026-05-24 01:04:28.715 [http-nio-8080-exec-7] DEBUG UsuarioRestController - Listando todos los usuarios
2026-05-24 01:04:28.715 [http-nio-8080-exec-7] DEBUG UsuarioServiceImpl - Obteniendo DAO de Usuario
2026-05-24 01:04:28.722 [http-nio-8080-exec-4] DEBUG UsuarioRestController - Listando todos los usuarios
2026-05-24 01:04:28.722 [http-nio-8080-exec-4] DEBUG UsuarioServiceImpl - Obteniendo DAO de Usuario
2026-05-24 01:04:28.728 [http-nio-8080-exec-8] DEBUG UsuarioRestController - Listando todos los usuarios
2026-05-24 01:04:28.728 [http-nio-8080-exec-8] DEBUG UsuarioServiceImpl - Obteniendo DAO de Usuario
2026-05-24 01:04:28.733 [http-nio-8080-exec-10] DEBUG UsuarioRestController - Listando todos los usuarios
2026-05-24 01:04:28.733 [http-nio-8080-exec-10] DEBUG UsuarioServiceImpl - Obteniendo DAO de Usuario
2026-05-24 01:04:28.741 [http-nio-8080-exec-9] DEBUG UsuarioRestController - Listando todos los usuarios
2026-05-24 01:04:28.741 [http-nio-8080-exec-9] DEBUG UsuarioServiceImpl - Obteniendo DAO de Usuario
2026-05-24 01:04:28.747 [http-nio-8080-exec-1] DEBUG UsuarioRestController - Listando todos los usuarios
2026-05-24 01:04:28.747 [http-nio-8080-exec-1] DEBUG UsuarioServiceImpl - Obteniendo DAO de Usuario
2026-05-24 01:04:28.752 [http-nio-8080-exec-3] DEBUG UsuarioRestController - Listando todos los usuarios
2026-05-24 01:04:28.752 [http-nio-8080-exec-3] DEBUG UsuarioServiceImpl - Obteniendo DAO de Usuario
2026-05-24 01:04:28.758 [http-nio-8080-exec-2] DEBUG UsuarioRestController - Listando todos los usuarios
2026-05-24 01:04:28.758 [http-nio-8080-exec-2] DEBUG UsuarioServiceImpl - Obteniendo DAO de Usuario
2026-05-24 01:04:28.763 [http-nio-8080-exec-5] DEBUG UsuarioRestController - Listando todos los usuarios
2026-05-24 01:04:28.763 [http-nio-8080-exec-5] DEBUG UsuarioServiceImpl - Obteniendo DAO de Usuario
2026-05-24 01:04:28.769 [http-nio-8080-exec-6] DEBUG UsuarioRestController - Listando todos los usuarios
2026-05-24 01:04:28.769 [http-nio-8080-exec-6] DEBUG UsuarioServiceImpl - Obteniendo DAO de Usuario
2026-05-24 01:04:28.778 [http-nio-8080-exec-7] DEBUG UsuarioRestController - Listando todos los usuarios
2026-05-24 01:04:28.778 [http-nio-8080-exec-7] DEBUG UsuarioServiceImpl - Obteniendo DAO de Usuario
2026-05-24 01:04:28.787 [http-nio-8080-exec-4] DEBUG UsuarioRestController - Listando todos los usuarios
2026-05-24 01:04:28.787 [http-nio-8080-exec-4] DEBUG UsuarioServiceImpl - Obteniendo DAO de Usuario
2026-05-24 01:04:28.795 [http-nio-8080-exec-8] DEBUG UsuarioRestController - Listando todos los usuarios
2026-05-24 01:04:28.796 [http-nio-8080-exec-8] DEBUG UsuarioServiceImpl - Obteniendo DAO de Usuario
2026-05-24 01:04:28.802 [http-nio-8080-exec-10] DEBUG UsuarioRestController - Listando todos los usuarios
2026-05-24 01:04:28.802 [http-nio-8080-exec-10] DEBUG UsuarioServiceImpl - Obteniendo DAO de Usuario
2026-05-24 01:04:28.815 [http-nio-8080-exec-9] DEBUG UsuarioRestController - Listando todos los usuarios
2026-05-24 01:04:28.815 [http-nio-8080-exec-9] DEBUG UsuarioServiceImpl - Obteniendo DAO de Usuario
2026-05-24 01:04:28.824 [http-nio-8080-exec-1] DEBUG UsuarioRestController - Listando todos los usuarios
2026-05-24 01:04:28.825 [http-nio-8080-exec-1] DEBUG UsuarioServiceImpl - Obteniendo DAO de Usuario
2026-05-24 01:04:28.831 [http-nio-8080-exec-3] DEBUG UsuarioRestController - Listando todos los usuarios
2026-05-24 01:04:28.831 [http-nio-8080-exec-3] DEBUG UsuarioServiceImpl - Obteniendo DAO de Usuario
2026-05-24 01:04:28.837 [http-nio-8080-exec-2] DEBUG UsuarioRestController - Listando todos los usuarios
2026-05-24 01:04:28.837 [http-nio-8080-exec-2] DEBUG UsuarioServiceImpl - Obteniendo DAO de Usuario
2026-05-24 01:04:28.843 [http-nio-8080-exec-5] DEBUG UsuarioRestController - Listando todos los usuarios
2026-05-24 01:04:28.843 [http-nio-8080-exec-5] DEBUG UsuarioServiceImpl - Obteniendo DAO de Usuario
2026-05-24 01:04:28.850 [http-nio-8080-exec-6] DEBUG UsuarioRestController - Listando todos los usuarios
2026-05-24 01:04:28.850 [http-nio-8080-exec-6] DEBUG UsuarioServiceImpl - Obteniendo DAO de Usuario
2026-05-24 01:04:28.858 [http-nio-8080-exec-7] DEBUG UsuarioRestController - Listando todos los usuarios
2026-05-24 01:04:28.859 [http-nio-8080-exec-7] DEBUG UsuarioServiceImpl - Obteniendo DAO de Usuario
2026-05-24 01:04:28.865 [http-nio-8080-exec-4] DEBUG UsuarioRestController - Listando todos los usuarios
2026-05-24 01:04:28.865 [http-nio-8080-exec-4] DEBUG UsuarioServiceImpl - Obteniendo DAO de Usuario
2026-05-24 01:04:28.872 [http-nio-8080-exec-8] DEBUG UsuarioRestController - Listando todos los usuarios
2026-05-24 01:04:28.872 [http-nio-8080-exec-8] DEBUG UsuarioServiceImpl - Obteniendo DAO de Usuario
2026-05-24 01:04:28.877 [http-nio-8080-exec-10] DEBUG UsuarioRestController - Listando todos los usuarios
2026-05-24 01:04:28.877 [http-nio-8080-exec-10] DEBUG UsuarioServiceImpl - Obteniendo DAO de Usuario
2026-05-24 01:04:28.882 [http-nio-8080-exec-9] DEBUG UsuarioRestController - Listando todos los usuarios
2026-05-24 01:04:28.882 [http-nio-8080-exec-9] DEBUG UsuarioServiceImpl - Obteniendo DAO de Usuario
2026-05-24 01:04:28.887 [http-nio-8080-exec-1] DEBUG UsuarioRestController - Listando todos los usuarios
2026-05-24 01:04:28.887 [http-nio-8080-exec-1] DEBUG UsuarioServiceImpl - Obteniendo DAO de Usuario
2026-05-24 01:04:28.892 [http-nio-8080-exec-3] DEBUG UsuarioRestController - Listando todos los usuarios
2026-05-24 01:04:28.892 [http-nio-8080-exec-3] DEBUG UsuarioServiceImpl - Obteniendo DAO de Usuario
2026-05-24 01:04:28.898 [http-nio-8080-exec-2] DEBUG UsuarioRestController - Listando todos los usuarios
2026-05-24 01:04:28.898 [http-nio-8080-exec-2] DEBUG UsuarioServiceImpl - Obteniendo DAO de Usuario
2026-05-24 01:04:28.904 [http-nio-8080-exec-5] DEBUG UsuarioRestController - Listando todos los usuarios
2026-05-24 01:04:28.904 [http-nio-8080-exec-5] DEBUG UsuarioServiceImpl - Obteniendo DAO de Usuario
2026-05-24 01:04:28.912 [http-nio-8080-exec-6] DEBUG UsuarioRestController - Listando todos los usuarios
2026-05-24 01:04:28.912 [http-nio-8080-exec-6] DEBUG UsuarioServiceImpl - Obteniendo DAO de Usuario
2026-05-24 01:04:28.918 [http-nio-8080-exec-7] DEBUG UsuarioRestController - Listando todos los usuarios
2026-05-24 01:04:28.918 [http-nio-8080-exec-7] DEBUG UsuarioServiceImpl - Obteniendo DAO de Usuario
2026-05-24 01:04:28.923 [http-nio-8080-exec-4] DEBUG UsuarioRestController - Listando todos los usuarios
2026-05-24 01:04:28.923 [http-nio-8080-exec-4] DEBUG UsuarioServiceImpl - Obteniendo DAO de Usuario
2026-05-24 01:04:28.931 [http-nio-8080-exec-8] DEBUG UsuarioRestController - Listando todos los usuarios
2026-05-24 01:04:28.931 [http-nio-8080-exec-8] DEBUG UsuarioServiceImpl - Obteniendo DAO de Usuario
2026-05-24 01:04:28.939 [http-nio-8080-exec-10] DEBUG UsuarioRestController - Listando todos los usuarios
2026-05-24 01:04:28.939 [http-nio-8080-exec-10] DEBUG UsuarioServiceImpl - Obteniendo DAO de Usuario
2026-05-24 01:04:28.949 [http-nio-8080-exec-9] DEBUG UsuarioRestController - Listando todos los usuarios
2026-05-24 01:04:28.949 [http-nio-8080-exec-9] DEBUG UsuarioServiceImpl - Obteniendo DAO de Usuario
2026-05-24 01:04:28.957 [http-nio-8080-exec-1] DEBUG UsuarioRestController - Listando todos los usuarios
2026-05-24 01:04:28.957 [http-nio-8080-exec-1] DEBUG UsuarioServiceImpl - Obteniendo DAO de Usuario
2026-05-24 01:04:28.965 [http-nio-8080-exec-3] DEBUG UsuarioRestController - Listando todos los usuarios
2026-05-24 01:04:28.965 [http-nio-8080-exec-3] DEBUG UsuarioServiceImpl - Obteniendo DAO de Usuario
2026-05-24 01:04:28.973 [http-nio-8080-exec-2] DEBUG UsuarioRestController - Listando todos los usuarios
2026-05-24 01:04:28.973 [http-nio-8080-exec-2] DEBUG UsuarioServiceImpl - Obteniendo DAO de Usuario
2026-05-24 01:04:28.979 [http-nio-8080-exec-5] DEBUG UsuarioRestController - Listando todos los usuarios
2026-05-24 01:04:28.979 [http-nio-8080-exec-5] DEBUG UsuarioServiceImpl - Obteniendo DAO de Usuario
2026-05-24 01:04:28.984 [http-nio-8080-exec-6] DEBUG UsuarioRestController - Listando todos los usuarios
2026-05-24 01:04:28.984 [http-nio-8080-exec-6] DEBUG UsuarioServiceImpl - Obteniendo DAO de Usuario
2026-05-24 01:04:28.989 [http-nio-8080-exec-7] DEBUG UsuarioRestController - Listando todos los usuarios
2026-05-24 01:04:28.989 [http-nio-8080-exec-7] DEBUG UsuarioServiceImpl - Obteniendo DAO de Usuario
2026-05-24 01:04:28.995 [http-nio-8080-exec-4] DEBUG UsuarioRestController - Listando todos los usuarios
2026-05-24 01:04:28.995 [http-nio-8080-exec-4] DEBUG UsuarioServiceImpl - Obteniendo DAO de Usuario
2026-05-24 01:04:29.000 [http-nio-8080-exec-8] DEBUG UsuarioRestController - Listando todos los usuarios
2026-05-24 01:04:29.000 [http-nio-8080-exec-8] DEBUG UsuarioServiceImpl - Obteniendo DAO de Usuario
2026-05-24 01:04:29.006 [http-nio-8080-exec-10] DEBUG UsuarioRestController - Listando todos los usuarios
2026-05-24 01:04:29.006 [http-nio-8080-exec-10] DEBUG UsuarioServiceImpl - Obteniendo DAO de Usuario
2026-05-24 01:04:29.011 [http-nio-8080-exec-9] DEBUG UsuarioRestController - Listando todos los usuarios
2026-05-24 01:04:29.011 [http-nio-8080-exec-9] DEBUG UsuarioServiceImpl - Obteniendo DAO de Usuario
2026-05-24 01:04:29.018 [http-nio-8080-exec-1] DEBUG UsuarioRestController - Listando todos los usuarios
2026-05-24 01:04:29.018 [http-nio-8080-exec-1] DEBUG UsuarioServiceImpl - Obteniendo DAO de Usuario
2026-05-24 01:04:29.024 [http-nio-8080-exec-3] DEBUG UsuarioRestController - Listando todos los usuarios
2026-05-24 01:04:29.024 [http-nio-8080-exec-3] DEBUG UsuarioServiceImpl - Obteniendo DAO de Usuario
2026-05-24 01:04:29.029 [http-nio-8080-exec-2] DEBUG UsuarioRestController - Listando todos los usuarios
2026-05-24 01:04:29.029 [http-nio-8080-exec-2] DEBUG UsuarioServiceImpl - Obteniendo DAO de Usuario
2026-05-24 01:04:29.034 [http-nio-8080-exec-5] DEBUG UsuarioRestController - Listando todos los usuarios
2026-05-24 01:04:29.034 [http-nio-8080-exec-5] DEBUG UsuarioServiceImpl - Obteniendo DAO de Usuario
2026-05-24 01:04:29.040 [http-nio-8080-exec-6] DEBUG UsuarioRestController - Listando todos los usuarios
2026-05-24 01:04:29.040 [http-nio-8080-exec-6] DEBUG UsuarioServiceImpl - Obteniendo DAO de Usuario
2026-05-24 01:04:29.045 [http-nio-8080-exec-7] DEBUG UsuarioRestController - Listando todos los usuarios
2026-05-24 01:04:29.045 [http-nio-8080-exec-7] DEBUG UsuarioServiceImpl - Obteniendo DAO de Usuario
2026-05-24 01:04:29.052 [http-nio-8080-exec-4] DEBUG UsuarioRestController - Listando todos los usuarios
2026-05-24 01:04:29.052 [http-nio-8080-exec-4] DEBUG UsuarioServiceImpl - Obteniendo DAO de Usuario
2026-05-24 01:04:29.059 [http-nio-8080-exec-8] DEBUG UsuarioRestController - Listando todos los usuarios
2026-05-24 01:04:29.059 [http-nio-8080-exec-8] DEBUG UsuarioServiceImpl - Obteniendo DAO de Usuario
2026-05-24 01:04:29.070 [http-nio-8080-exec-10] DEBUG UsuarioRestController - Listando todos los usuarios
2026-05-24 01:04:29.070 [http-nio-8080-exec-10] DEBUG UsuarioServiceImpl - Obteniendo DAO de Usuario
2026-05-24 01:04:29.077 [http-nio-8080-exec-9] DEBUG UsuarioRestController - Listando todos los usuarios
2026-05-24 01:04:29.077 [http-nio-8080-exec-9] DEBUG UsuarioServiceImpl - Obteniendo DAO de Usuario
2026-05-24 01:04:29.083 [http-nio-8080-exec-1] DEBUG UsuarioRestController - Listando todos los usuarios
2026-05-24 01:04:29.083 [http-nio-8080-exec-1] DEBUG UsuarioServiceImpl - Obteniendo DAO de Usuario
2026-05-24 01:04:29.089 [http-nio-8080-exec-3] DEBUG UsuarioRestController - Listando todos los usuarios
2026-05-24 01:04:29.089 [http-nio-8080-exec-3] DEBUG UsuarioServiceImpl - Obteniendo DAO de Usuario
2026-05-24 01:04:29.093 [http-nio-8080-exec-2] DEBUG UsuarioRestController - Listando todos los usuarios
2026-05-24 01:04:29.094 [http-nio-8080-exec-2] DEBUG UsuarioServiceImpl - Obteniendo DAO de Usuario
2026-05-24 01:04:29.099 [http-nio-8080-exec-5] DEBUG UsuarioRestController - Listando todos los usuarios
2026-05-24 01:04:29.099 [http-nio-8080-exec-5] DEBUG UsuarioServiceImpl - Obteniendo DAO de Usuario
2026-05-24 01:04:29.106 [http-nio-8080-exec-6] DEBUG UsuarioRestController - Listando todos los usuarios
2026-05-24 01:04:29.106 [http-nio-8080-exec-6] DEBUG UsuarioServiceImpl - Obteniendo DAO de Usuario
2026-05-24 01:04:29.116 [http-nio-8080-exec-7] DEBUG UsuarioRestController - Listando todos los usuarios
2026-05-24 01:04:29.116 [http-nio-8080-exec-7] DEBUG UsuarioServiceImpl - Obteniendo DAO de Usuario
2026-05-24 01:04:29.122 [http-nio-8080-exec-4] DEBUG UsuarioRestController - Listando todos los usuarios
2026-05-24 01:04:29.122 [http-nio-8080-exec-4] DEBUG UsuarioServiceImpl - Obteniendo DAO de Usuario
2026-05-24 01:04:29.128 [http-nio-8080-exec-8] DEBUG UsuarioRestController - Listando todos los usuarios
2026-05-24 01:04:29.128 [http-nio-8080-exec-8] DEBUG UsuarioServiceImpl - Obteniendo DAO de Usuario
2026-05-24 01:04:29.136 [http-nio-8080-exec-10] DEBUG UsuarioRestController - Listando todos los usuarios
2026-05-24 01:04:29.136 [http-nio-8080-exec-10] DEBUG UsuarioServiceImpl - Obteniendo DAO de Usuario
2026-05-24 01:04:29.143 [http-nio-8080-exec-9] DEBUG UsuarioRestController - Listando todos los usuarios
2026-05-24 01:04:29.143 [http-nio-8080-exec-9] DEBUG UsuarioServiceImpl - Obteniendo DAO de Usuario
2026-05-24 01:04:29.149 [http-nio-8080-exec-1] DEBUG UsuarioRestController - Listando todos los usuarios
2026-05-24 01:04:29.149 [http-nio-8080-exec-1] DEBUG UsuarioServiceImpl - Obteniendo DAO de Usuario
2026-05-24 01:04:29.155 [http-nio-8080-exec-3] DEBUG UsuarioRestController - Listando todos los usuarios
2026-05-24 01:04:29.155 [http-nio-8080-exec-3] DEBUG UsuarioServiceImpl - Obteniendo DAO de Usuario
2026-05-24 01:04:29.160 [http-nio-8080-exec-2] DEBUG UsuarioRestController - Listando todos los usuarios
2026-05-24 01:04:29.160 [http-nio-8080-exec-2] DEBUG UsuarioServiceImpl - Obteniendo DAO de Usuario
2026-05-24 01:04:29.165 [http-nio-8080-exec-5] DEBUG UsuarioRestController - Listando todos los usuarios
2026-05-24 01:04:29.166 [http-nio-8080-exec-5] DEBUG UsuarioServiceImpl - Obteniendo DAO de Usuario
2026-05-24 01:04:29.171 [http-nio-8080-exec-6] DEBUG UsuarioRestController - Listando todos los usuarios
2026-05-24 01:04:29.171 [http-nio-8080-exec-6] DEBUG UsuarioServiceImpl - Obteniendo DAO de Usuario
2026-05-24 01:04:29.176 [http-nio-8080-exec-7] DEBUG UsuarioRestController - Listando todos los usuarios
2026-05-24 01:04:29.176 [http-nio-8080-exec-7] DEBUG UsuarioServiceImpl - Obteniendo DAO de Usuario
2026-05-24 01:04:29.182 [http-nio-8080-exec-4] DEBUG UsuarioRestController - Listando todos los usuarios
2026-05-24 01:04:29.182 [http-nio-8080-exec-4] DEBUG UsuarioServiceImpl - Obteniendo DAO de Usuario
2026-05-24 01:04:29.187 [http-nio-8080-exec-8] DEBUG UsuarioRestController - Listando todos los usuarios
2026-05-24 01:04:29.187 [http-nio-8080-exec-8] DEBUG UsuarioServiceImpl - Obteniendo DAO de Usuario
2026-05-24 01:04:29.193 [http-nio-8080-exec-10] DEBUG UsuarioRestController - Listando todos los usuarios
2026-05-24 01:04:29.193 [http-nio-8080-exec-10] DEBUG UsuarioServiceImpl - Obteniendo DAO de Usuario
2026-05-24 01:04:29.199 [http-nio-8080-exec-9] DEBUG UsuarioRestController - Listando todos los usuarios
2026-05-24 01:04:29.199 [http-nio-8080-exec-9] DEBUG UsuarioServiceImpl - Obteniendo DAO de Usuario
2026-05-24 01:04:29.204 [http-nio-8080-exec-1] DEBUG UsuarioRestController - Listando todos los usuarios
2026-05-24 01:04:29.204 [http-nio-8080-exec-1] DEBUG UsuarioServiceImpl - Obteniendo DAO de Usuario
2026-05-24 01:04:29.210 [http-nio-8080-exec-3] DEBUG UsuarioRestController - Listando todos los usuarios
2026-05-24 01:04:29.210 [http-nio-8080-exec-3] DEBUG UsuarioServiceImpl - Obteniendo DAO de Usuario
2026-05-24 01:04:29.239 [http-nio-8080-exec-2] DEBUG UsuarioRestController - Listando todos los usuarios
2026-05-24 01:04:29.239 [http-nio-8080-exec-2] DEBUG UsuarioServiceImpl - Obteniendo DAO de Usuario
2026-05-24 01:04:29.255 [http-nio-8080-exec-5] DEBUG UsuarioRestController - Listando todos los usuarios
2026-05-24 01:04:29.256 [http-nio-8080-exec-5] DEBUG UsuarioServiceImpl - Obteniendo DAO de Usuario
2026-05-24 01:04:29.264 [http-nio-8080-exec-6] DEBUG UsuarioRestController - Listando todos los usuarios
2026-05-24 01:04:29.265 [http-nio-8080-exec-6] DEBUG UsuarioServiceImpl - Obteniendo DAO de Usuario
2026-05-24 01:04:29.274 [http-nio-8080-exec-7] DEBUG UsuarioRestController - Listando todos los usuarios
2026-05-24 01:04:29.274 [http-nio-8080-exec-7] DEBUG UsuarioServiceImpl - Obteniendo DAO de Usuario
2026-05-24 01:04:29.285 [http-nio-8080-exec-4] DEBUG UsuarioRestController - Listando todos los usuarios
2026-05-24 01:04:29.285 [http-nio-8080-exec-4] DEBUG UsuarioServiceImpl - Obteniendo DAO de Usuario
2026-05-24 01:04:29.294 [http-nio-8080-exec-8] DEBUG UsuarioRestController - Listando todos los usuarios
2026-05-24 01:04:29.295 [http-nio-8080-exec-8] DEBUG UsuarioServiceImpl - Obteniendo DAO de Usuario
2026-05-24 01:04:29.302 [http-nio-8080-exec-10] DEBUG UsuarioRestController - Listando todos los usuarios
2026-05-24 01:04:29.302 [http-nio-8080-exec-10] DEBUG UsuarioServiceImpl - Obteniendo DAO de Usuario
2026-05-24 01:04:29.311 [http-nio-8080-exec-9] DEBUG UsuarioRestController - Listando todos los usuarios
2026-05-24 01:04:29.311 [http-nio-8080-exec-9] DEBUG UsuarioServiceImpl - Obteniendo DAO de Usuario
2026-05-24 01:04:29.336 [http-nio-8080-exec-1] DEBUG UsuarioRestController - Listando todos los usuarios
2026-05-24 01:04:29.336 [http-nio-8080-exec-1] DEBUG UsuarioServiceImpl - Obteniendo DAO de Usuario
2026-05-24 01:04:29.388 [http-nio-8080-exec-3] DEBUG UsuarioRestController - Listando todos los usuarios
2026-05-24 01:04:29.388 [http-nio-8080-exec-3] DEBUG UsuarioServiceImpl - Obteniendo DAO de Usuario
2026-05-24 01:04:29.397 [http-nio-8080-exec-2] DEBUG UsuarioRestController - Listando todos los usuarios
2026-05-24 01:04:29.397 [http-nio-8080-exec-2] DEBUG UsuarioServiceImpl - Obteniendo DAO de Usuario
2026-05-24 01:04:29.407 [http-nio-8080-exec-5] DEBUG UsuarioRestController - Listando todos los usuarios
2026-05-24 01:04:29.407 [http-nio-8080-exec-5] DEBUG UsuarioServiceImpl - Obteniendo DAO de Usuario
2026-05-24 01:04:29.414 [http-nio-8080-exec-6] DEBUG UsuarioRestController - Listando todos los usuarios
2026-05-24 01:04:29.414 [http-nio-8080-exec-6] DEBUG UsuarioServiceImpl - Obteniendo DAO de Usuario
2026-05-24 01:04:29.421 [http-nio-8080-exec-7] DEBUG UsuarioRestController - Listando todos los usuarios
2026-05-24 01:04:29.422 [http-nio-8080-exec-7] DEBUG UsuarioServiceImpl - Obteniendo DAO de Usuario
2026-05-24 01:04:29.428 [http-nio-8080-exec-4] DEBUG UsuarioRestController - Listando todos los usuarios
2026-05-24 01:04:29.428 [http-nio-8080-exec-4] DEBUG UsuarioServiceImpl - Obteniendo DAO de Usuario
2026-05-24 01:04:29.436 [http-nio-8080-exec-8] DEBUG UsuarioRestController - Listando todos los usuarios
2026-05-24 01:04:29.436 [http-nio-8080-exec-8] DEBUG UsuarioServiceImpl - Obteniendo DAO de Usuario
2026-05-24 01:04:29.443 [http-nio-8080-exec-10] DEBUG UsuarioRestController - Listando todos los usuarios
2026-05-24 01:04:29.443 [http-nio-8080-exec-10] DEBUG UsuarioServiceImpl - Obteniendo DAO de Usuario
2026-05-24 01:04:29.449 [http-nio-8080-exec-9] DEBUG UsuarioRestController - Listando todos los usuarios
2026-05-24 01:04:29.449 [http-nio-8080-exec-9] DEBUG UsuarioServiceImpl - Obteniendo DAO de Usuario
2026-05-24 01:04:29.455 [http-nio-8080-exec-1] DEBUG UsuarioRestController - Listando todos los usuarios
2026-05-24 01:04:29.455 [http-nio-8080-exec-1] DEBUG UsuarioServiceImpl - Obteniendo DAO de Usuario
2026-05-24 01:04:29.461 [http-nio-8080-exec-3] DEBUG UsuarioRestController - Listando todos los usuarios
2026-05-24 01:04:29.461 [http-nio-8080-exec-3] DEBUG UsuarioServiceImpl - Obteniendo DAO de Usuario
2026-05-24 01:04:29.469 [http-nio-8080-exec-2] DEBUG UsuarioRestController - Listando todos los usuarios
2026-05-24 01:04:29.470 [http-nio-8080-exec-2] DEBUG UsuarioServiceImpl - Obteniendo DAO de Usuario
2026-05-24 01:04:29.478 [http-nio-8080-exec-5] DEBUG UsuarioRestController - Listando todos los usuarios
2026-05-24 01:04:29.479 [http-nio-8080-exec-5] DEBUG UsuarioServiceImpl - Obteniendo DAO de Usuario
2026-05-24 01:04:29.486 [http-nio-8080-exec-6] DEBUG UsuarioRestController - Listando todos los usuarios
2026-05-24 01:04:29.486 [http-nio-8080-exec-6] DEBUG UsuarioServiceImpl - Obteniendo DAO de Usuario
2026-05-24 01:04:29.493 [http-nio-8080-exec-7] DEBUG UsuarioRestController - Listando todos los usuarios
2026-05-24 01:04:29.493 [http-nio-8080-exec-7] DEBUG UsuarioServiceImpl - Obteniendo DAO de Usuario
2026-05-24 01:04:29.500 [http-nio-8080-exec-4] DEBUG UsuarioRestController - Listando todos los usuarios
2026-05-24 01:04:29.500 [http-nio-8080-exec-4] DEBUG UsuarioServiceImpl - Obteniendo DAO de Usuario
2026-05-24 01:04:29.508 [http-nio-8080-exec-8] DEBUG UsuarioRestController - Listando todos los usuarios
2026-05-24 01:04:29.508 [http-nio-8080-exec-8] DEBUG UsuarioServiceImpl - Obteniendo DAO de Usuario
2026-05-24 01:04:29.514 [http-nio-8080-exec-10] DEBUG UsuarioRestController - Listando todos los usuarios
2026-05-24 01:04:29.514 [http-nio-8080-exec-10] DEBUG UsuarioServiceImpl - Obteniendo DAO de Usuario
2026-05-24 01:04:29.521 [http-nio-8080-exec-9] DEBUG UsuarioRestController - Listando todos los usuarios
2026-05-24 01:04:29.521 [http-nio-8080-exec-9] DEBUG UsuarioServiceImpl - Obteniendo DAO de Usuario
2026-05-24 01:04:29.526 [http-nio-8080-exec-1] DEBUG UsuarioRestController - Listando todos los usuarios
2026-05-24 01:04:29.527 [http-nio-8080-exec-1] DEBUG UsuarioServiceImpl - Obteniendo DAO de Usuario
2026-05-24 01:04:29.532 [http-nio-8080-exec-3] DEBUG UsuarioRestController - Listando todos los usuarios
2026-05-24 01:04:29.532 [http-nio-8080-exec-3] DEBUG UsuarioServiceImpl - Obteniendo DAO de Usuario
2026-05-24 01:04:29.538 [http-nio-8080-exec-2] DEBUG UsuarioRestController - Listando todos los usuarios
2026-05-24 01:04:29.538 [http-nio-8080-exec-2] DEBUG UsuarioServiceImpl - Obteniendo DAO de Usuario
2026-05-24 01:04:29.544 [http-nio-8080-exec-5] DEBUG UsuarioRestController - Listando todos los usuarios
2026-05-24 01:04:29.544 [http-nio-8080-exec-5] DEBUG UsuarioServiceImpl - Obteniendo DAO de Usuario
2026-05-24 01:04:29.549 [http-nio-8080-exec-6] DEBUG UsuarioRestController - Listando todos los usuarios
2026-05-24 01:04:29.549 [http-nio-8080-exec-6] DEBUG UsuarioServiceImpl - Obteniendo DAO de Usuario
2026-05-24 01:04:29.556 [http-nio-8080-exec-7] DEBUG UsuarioRestController - Listando todos los usuarios
2026-05-24 01:04:29.556 [http-nio-8080-exec-7] DEBUG UsuarioServiceImpl - Obteniendo DAO de Usuario
2026-05-24 01:04:29.562 [http-nio-8080-exec-4] DEBUG UsuarioRestController - Listando todos los usuarios
2026-05-24 01:04:29.562 [http-nio-8080-exec-4] DEBUG UsuarioServiceImpl - Obteniendo DAO de Usuario
2026-05-24 01:04:29.568 [http-nio-8080-exec-8] DEBUG UsuarioRestController - Listando todos los usuarios
2026-05-24 01:04:29.569 [http-nio-8080-exec-8] DEBUG UsuarioServiceImpl - Obteniendo DAO de Usuario
2026-05-24 01:04:29.576 [http-nio-8080-exec-10] DEBUG UsuarioRestController - Listando todos los usuarios
2026-05-24 01:04:29.576 [http-nio-8080-exec-10] DEBUG UsuarioServiceImpl - Obteniendo DAO de Usuario
2026-05-24 01:04:29.582 [http-nio-8080-exec-9] DEBUG UsuarioRestController - Listando todos los usuarios
2026-05-24 01:04:29.582 [http-nio-8080-exec-9] DEBUG UsuarioServiceImpl - Obteniendo DAO de Usuario
2026-05-24 01:04:29.588 [http-nio-8080-exec-1] DEBUG UsuarioRestController - Listando todos los usuarios
2026-05-24 01:04:29.588 [http-nio-8080-exec-1] DEBUG UsuarioServiceImpl - Obteniendo DAO de Usuario
2026-05-24 01:04:29.594 [http-nio-8080-exec-3] DEBUG UsuarioRestController - Listando todos los usuarios
2026-05-24 01:04:29.594 [http-nio-8080-exec-3] DEBUG UsuarioServiceImpl - Obteniendo DAO de Usuario
2026-05-24 01:04:29.599 [http-nio-8080-exec-2] DEBUG UsuarioRestController - Listando todos los usuarios
2026-05-24 01:04:29.600 [http-nio-8080-exec-2] DEBUG UsuarioServiceImpl - Obteniendo DAO de Usuario
2026-05-24 01:04:29.605 [http-nio-8080-exec-5] DEBUG UsuarioRestController - Listando todos los usuarios
2026-05-24 01:04:29.605 [http-nio-8080-exec-5] DEBUG UsuarioServiceImpl - Obteniendo DAO de Usuario
2026-05-24 01:04:29.612 [http-nio-8080-exec-6] DEBUG UsuarioRestController - Listando todos los usuarios
2026-05-24 01:04:29.612 [http-nio-8080-exec-6] DEBUG UsuarioServiceImpl - Obteniendo DAO de Usuario
2026-05-24 01:04:29.619 [http-nio-8080-exec-7] DEBUG UsuarioRestController - Listando todos los usuarios
2026-05-24 01:04:29.619 [http-nio-8080-exec-7] DEBUG UsuarioServiceImpl - Obteniendo DAO de Usuario
2026-05-24 01:04:29.625 [http-nio-8080-exec-4] DEBUG UsuarioRestController - Listando todos los usuarios
2026-05-24 01:04:29.626 [http-nio-8080-exec-4] DEBUG UsuarioServiceImpl - Obteniendo DAO de Usuario
2026-05-24 01:04:29.633 [http-nio-8080-exec-8] DEBUG UsuarioRestController - Listando todos los usuarios
2026-05-24 01:04:29.633 [http-nio-8080-exec-8] DEBUG UsuarioServiceImpl - Obteniendo DAO de Usuario
2026-05-24 01:04:29.640 [http-nio-8080-exec-10] DEBUG UsuarioRestController - Listando todos los usuarios
2026-05-24 01:04:29.640 [http-nio-8080-exec-10] DEBUG UsuarioServiceImpl - Obteniendo DAO de Usuario
2026-05-24 01:04:29.647 [http-nio-8080-exec-9] DEBUG UsuarioRestController - Listando todos los usuarios
2026-05-24 01:04:29.647 [http-nio-8080-exec-9] DEBUG UsuarioServiceImpl - Obteniendo DAO de Usuario
2026-05-24 01:04:29.654 [http-nio-8080-exec-1] DEBUG UsuarioRestController - Listando todos los usuarios
2026-05-24 01:04:29.654 [http-nio-8080-exec-1] DEBUG UsuarioServiceImpl - Obteniendo DAO de Usuario
2026-05-24 01:04:29.661 [http-nio-8080-exec-3] DEBUG UsuarioRestController - Listando todos los usuarios
2026-05-24 01:04:29.661 [http-nio-8080-exec-3] DEBUG UsuarioServiceImpl - Obteniendo DAO de Usuario
2026-05-24 01:04:29.667 [http-nio-8080-exec-2] DEBUG UsuarioRestController - Listando todos los usuarios
2026-05-24 01:04:29.667 [http-nio-8080-exec-2] DEBUG UsuarioServiceImpl - Obteniendo DAO de Usuario
2026-05-24 01:04:29.673 [http-nio-8080-exec-5] DEBUG UsuarioRestController - Listando todos los usuarios
2026-05-24 01:04:29.674 [http-nio-8080-exec-5] DEBUG UsuarioServiceImpl - Obteniendo DAO de Usuario
2026-05-24 01:04:29.680 [http-nio-8080-exec-6] DEBUG UsuarioRestController - Listando todos los usuarios
2026-05-24 01:04:29.680 [http-nio-8080-exec-6] DEBUG UsuarioServiceImpl - Obteniendo DAO de Usuario
2026-05-24 01:04:29.685 [http-nio-8080-exec-7] DEBUG UsuarioRestController - Listando todos los usuarios
2026-05-24 01:04:29.686 [http-nio-8080-exec-7] DEBUG UsuarioServiceImpl - Obteniendo DAO de Usuario
2026-05-24 01:04:29.692 [http-nio-8080-exec-4] DEBUG UsuarioRestController - Listando todos los usuarios
2026-05-24 01:04:29.692 [http-nio-8080-exec-4] DEBUG UsuarioServiceImpl - Obteniendo DAO de Usuario
2026-05-24 01:04:29.698 [http-nio-8080-exec-8] DEBUG UsuarioRestController - Listando todos los usuarios
2026-05-24 01:04:29.698 [http-nio-8080-exec-8] DEBUG UsuarioServiceImpl - Obteniendo DAO de Usuario
2026-05-24 01:04:29.705 [http-nio-8080-exec-10] DEBUG UsuarioRestController - Listando todos los usuarios
2026-05-24 01:04:29.705 [http-nio-8080-exec-10] DEBUG UsuarioServiceImpl - Obteniendo DAO de Usuario
2026-05-24 01:04:29.713 [http-nio-8080-exec-9] DEBUG UsuarioRestController - Listando todos los usuarios
2026-05-24 01:04:29.713 [http-nio-8080-exec-9] DEBUG UsuarioServiceImpl - Obteniendo DAO de Usuario
2026-05-24 01:04:29.720 [http-nio-8080-exec-1] DEBUG UsuarioRestController - Listando todos los usuarios
2026-05-24 01:04:29.720 [http-nio-8080-exec-1] DEBUG UsuarioServiceImpl - Obteniendo DAO de Usuario
2026-05-24 01:04:29.726 [http-nio-8080-exec-3] DEBUG UsuarioRestController - Listando todos los usuarios
2026-05-24 01:04:29.727 [http-nio-8080-exec-3] DEBUG UsuarioServiceImpl - Obteniendo DAO de Usuario
2026-05-24 01:04:29.733 [http-nio-8080-exec-2] DEBUG UsuarioRestController - Listando todos los usuarios
2026-05-24 01:04:29.733 [http-nio-8080-exec-2] DEBUG UsuarioServiceImpl - Obteniendo DAO de Usuario
2026-05-24 01:04:29.740 [http-nio-8080-exec-5] DEBUG UsuarioRestController - Listando todos los usuarios
2026-05-24 01:04:29.740 [http-nio-8080-exec-5] DEBUG UsuarioServiceImpl - Obteniendo DAO de Usuario
2026-05-24 01:04:29.746 [http-nio-8080-exec-6] DEBUG UsuarioRestController - Listando todos los usuarios
2026-05-24 01:04:29.747 [http-nio-8080-exec-6] DEBUG UsuarioServiceImpl - Obteniendo DAO de Usuario
2026-05-24 01:04:29.753 [http-nio-8080-exec-7] DEBUG UsuarioRestController - Listando todos los usuarios
2026-05-24 01:04:29.753 [http-nio-8080-exec-7] DEBUG UsuarioServiceImpl - Obteniendo DAO de Usuario
2026-05-24 01:04:29.760 [http-nio-8080-exec-4] DEBUG UsuarioRestController - Listando todos los usuarios
2026-05-24 01:04:29.760 [http-nio-8080-exec-4] DEBUG UsuarioServiceImpl - Obteniendo DAO de Usuario
2026-05-24 01:04:29.767 [http-nio-8080-exec-8] DEBUG UsuarioRestController - Listando todos los usuarios
2026-05-24 01:04:29.767 [http-nio-8080-exec-8] DEBUG UsuarioServiceImpl - Obteniendo DAO de Usuario
2026-05-24 01:04:29.774 [http-nio-8080-exec-10] DEBUG UsuarioRestController - Listando todos los usuarios
2026-05-24 01:04:29.774 [http-nio-8080-exec-10] DEBUG UsuarioServiceImpl - Obteniendo DAO de Usuario
2026-05-24 01:04:29.780 [http-nio-8080-exec-9] DEBUG UsuarioRestController - Listando todos los usuarios
2026-05-24 01:04:29.780 [http-nio-8080-exec-9] DEBUG UsuarioServiceImpl - Obteniendo DAO de Usuario
2026-05-24 01:04:29.786 [http-nio-8080-exec-1] DEBUG UsuarioRestController - Listando todos los usuarios
2026-05-24 01:04:29.786 [http-nio-8080-exec-1] DEBUG UsuarioServiceImpl - Obteniendo DAO de Usuario
2026-05-24 01:04:29.793 [http-nio-8080-exec-3] DEBUG UsuarioRestController - Listando todos los usuarios
2026-05-24 01:04:29.793 [http-nio-8080-exec-3] DEBUG UsuarioServiceImpl - Obteniendo DAO de Usuario
2026-05-24 01:04:29.800 [http-nio-8080-exec-2] DEBUG UsuarioRestController - Listando todos los usuarios
2026-05-24 01:04:29.800 [http-nio-8080-exec-2] DEBUG UsuarioServiceImpl - Obteniendo DAO de Usuario
2026-05-24 01:04:29.806 [http-nio-8080-exec-5] DEBUG UsuarioRestController - Listando todos los usuarios
2026-05-24 01:04:29.806 [http-nio-8080-exec-5] DEBUG UsuarioServiceImpl - Obteniendo DAO de Usuario
2026-05-24 01:04:29.812 [http-nio-8080-exec-6] DEBUG UsuarioRestController - Listando todos los usuarios
2026-05-24 01:04:29.812 [http-nio-8080-exec-6] DEBUG UsuarioServiceImpl - Obteniendo DAO de Usuario
2026-05-24 01:04:29.818 [http-nio-8080-exec-7] DEBUG UsuarioRestController - Listando todos los usuarios
2026-05-24 01:04:29.818 [http-nio-8080-exec-7] DEBUG UsuarioServiceImpl - Obteniendo DAO de Usuario
2026-05-24 01:04:29.825 [http-nio-8080-exec-4] DEBUG UsuarioRestController - Listando todos los usuarios
2026-05-24 01:04:29.825 [http-nio-8080-exec-4] DEBUG UsuarioServiceImpl - Obteniendo DAO de Usuario
2026-05-24 01:04:29.831 [http-nio-8080-exec-8] DEBUG UsuarioRestController - Listando todos los usuarios
2026-05-24 01:04:29.831 [http-nio-8080-exec-8] DEBUG UsuarioServiceImpl - Obteniendo DAO de Usuario
2026-05-24 01:04:29.838 [http-nio-8080-exec-10] DEBUG UsuarioRestController - Listando todos los usuarios
2026-05-24 01:04:29.839 [http-nio-8080-exec-10] DEBUG UsuarioServiceImpl - Obteniendo DAO de Usuario
2026-05-24 01:04:29.845 [http-nio-8080-exec-9] DEBUG UsuarioRestController - Listando todos los usuarios
2026-05-24 01:04:29.845 [http-nio-8080-exec-9] DEBUG UsuarioServiceImpl - Obteniendo DAO de Usuario
2026-05-24 01:04:29.852 [http-nio-8080-exec-1] DEBUG UsuarioRestController - Listando todos los usuarios
2026-05-24 01:04:29.852 [http-nio-8080-exec-1] DEBUG UsuarioServiceImpl - Obteniendo DAO de Usuario
2026-05-24 01:04:29.858 [http-nio-8080-exec-3] DEBUG UsuarioRestController - Listando todos los usuarios
2026-05-24 01:04:29.858 [http-nio-8080-exec-3] DEBUG UsuarioServiceImpl - Obteniendo DAO de Usuario
2026-05-24 01:04:29.864 [http-nio-8080-exec-2] DEBUG UsuarioRestController - Listando todos los usuarios
2026-05-24 01:04:29.864 [http-nio-8080-exec-2] DEBUG UsuarioServiceImpl - Obteniendo DAO de Usuario
2026-05-24 01:04:29.870 [http-nio-8080-exec-5] DEBUG UsuarioRestController - Listando todos los usuarios
2026-05-24 01:04:29.871 [http-nio-8080-exec-5] DEBUG UsuarioServiceImpl - Obteniendo DAO de Usuario
2026-05-24 01:04:29.877 [http-nio-8080-exec-6] DEBUG UsuarioRestController - Listando todos los usuarios
2026-05-24 01:04:29.877 [http-nio-8080-exec-6] DEBUG UsuarioServiceImpl - Obteniendo DAO de Usuario
2026-05-24 01:04:29.883 [http-nio-8080-exec-7] DEBUG UsuarioRestController - Listando todos los usuarios
2026-05-24 01:04:29.883 [http-nio-8080-exec-7] DEBUG UsuarioServiceImpl - Obteniendo DAO de Usuario
2026-05-24 01:04:29.890 [http-nio-8080-exec-4] DEBUG UsuarioRestController - Listando todos los usuarios
2026-05-24 01:04:29.890 [http-nio-8080-exec-4] DEBUG UsuarioServiceImpl - Obteniendo DAO de Usuario
2026-05-24 01:04:29.895 [http-nio-8080-exec-8] DEBUG UsuarioRestController - Listando todos los usuarios
2026-05-24 01:04:29.895 [http-nio-8080-exec-8] DEBUG UsuarioServiceImpl - Obteniendo DAO de Usuario
2026-05-24 01:04:29.901 [http-nio-8080-exec-10] DEBUG UsuarioRestController - Listando todos los usuarios
2026-05-24 01:04:29.901 [http-nio-8080-exec-10] DEBUG UsuarioServiceImpl - Obteniendo DAO de Usuario
2026-05-24 01:04:29.907 [http-nio-8080-exec-9] DEBUG UsuarioRestController - Listando todos los usuarios
2026-05-24 01:04:29.907 [http-nio-8080-exec-9] DEBUG UsuarioServiceImpl - Obteniendo DAO de Usuario
2026-05-24 01:04:29.913 [http-nio-8080-exec-1] DEBUG UsuarioRestController - Listando todos los usuarios
2026-05-24 01:04:29.913 [http-nio-8080-exec-1] DEBUG UsuarioServiceImpl - Obteniendo DAO de Usuario
2026-05-24 01:04:29.918 [http-nio-8080-exec-3] DEBUG UsuarioRestController - Listando todos los usuarios
2026-05-24 01:04:29.918 [http-nio-8080-exec-3] DEBUG UsuarioServiceImpl - Obteniendo DAO de Usuario
2026-05-24 01:04:29.924 [http-nio-8080-exec-2] DEBUG UsuarioRestController - Listando todos los usuarios
2026-05-24 01:04:29.924 [http-nio-8080-exec-2] DEBUG UsuarioServiceImpl - Obteniendo DAO de Usuario
2026-05-24 01:04:29.930 [http-nio-8080-exec-5] DEBUG UsuarioRestController - Listando todos los usuarios
2026-05-24 01:04:29.930 [http-nio-8080-exec-5] DEBUG UsuarioServiceImpl - Obteniendo DAO de Usuario
2026-05-24 01:04:29.936 [http-nio-8080-exec-6] DEBUG UsuarioRestController - Listando todos los usuarios
2026-05-24 01:04:29.937 [http-nio-8080-exec-6] DEBUG UsuarioServiceImpl - Obteniendo DAO de Usuario
2026-05-24 01:04:29.943 [http-nio-8080-exec-7] DEBUG UsuarioRestController - Listando todos los usuarios
2026-05-24 01:04:29.943 [http-nio-8080-exec-7] DEBUG UsuarioServiceImpl - Obteniendo DAO de Usuario
2026-05-24 01:04:29.950 [http-nio-8080-exec-4] DEBUG UsuarioRestController - Listando todos los usuarios
2026-05-24 01:04:29.950 [http-nio-8080-exec-4] DEBUG UsuarioServiceImpl - Obteniendo DAO de Usuario
2026-05-24 01:04:29.957 [http-nio-8080-exec-8] DEBUG UsuarioRestController - Listando todos los usuarios
2026-05-24 01:04:29.957 [http-nio-8080-exec-8] DEBUG UsuarioServiceImpl - Obteniendo DAO de Usuario
2026-05-24 01:04:29.964 [http-nio-8080-exec-10] DEBUG UsuarioRestController - Listando todos los usuarios
2026-05-24 01:04:29.965 [http-nio-8080-exec-10] DEBUG UsuarioServiceImpl - Obteniendo DAO de Usuario
2026-05-24 01:04:29.971 [http-nio-8080-exec-9] DEBUG UsuarioRestController - Listando todos los usuarios
2026-05-24 01:04:29.971 [http-nio-8080-exec-9] DEBUG UsuarioServiceImpl - Obteniendo DAO de Usuario
2026-05-24 01:04:29.982 [http-nio-8080-exec-1] DEBUG UsuarioRestController - Listando todos los usuarios
2026-05-24 01:04:29.983 [http-nio-8080-exec-1] DEBUG UsuarioServiceImpl - Obteniendo DAO de Usuario
2026-05-24 01:04:29.990 [http-nio-8080-exec-3] DEBUG UsuarioRestController - Listando todos los usuarios
2026-05-24 01:04:29.990 [http-nio-8080-exec-3] DEBUG UsuarioServiceImpl - Obteniendo DAO de Usuario
2026-05-24 01:04:29.996 [http-nio-8080-exec-2] DEBUG UsuarioRestController - Listando todos los usuarios
2026-05-24 01:04:29.996 [http-nio-8080-exec-2] DEBUG UsuarioServiceImpl - Obteniendo DAO de Usuario
2026-05-24 01:04:30.003 [http-nio-8080-exec-5] DEBUG UsuarioRestController - Listando todos los usuarios
2026-05-24 01:04:30.003 [http-nio-8080-exec-5] DEBUG UsuarioServiceImpl - Obteniendo DAO de Usuario
2026-05-24 01:04:30.010 [http-nio-8080-exec-6] DEBUG UsuarioRestController - Listando todos los usuarios
2026-05-24 01:04:30.010 [http-nio-8080-exec-6] DEBUG UsuarioServiceImpl - Obteniendo DAO de Usuario
2026-05-24 01:04:30.016 [http-nio-8080-exec-7] DEBUG UsuarioRestController - Listando todos los usuarios
2026-05-24 01:04:30.016 [http-nio-8080-exec-7] DEBUG UsuarioServiceImpl - Obteniendo DAO de Usuario
2026-05-24 01:04:30.025 [http-nio-8080-exec-4] DEBUG UsuarioRestController - Listando todos los usuarios
2026-05-24 01:04:30.025 [http-nio-8080-exec-4] DEBUG UsuarioServiceImpl - Obteniendo DAO de Usuario
2026-05-24 01:04:30.032 [http-nio-8080-exec-8] DEBUG UsuarioRestController - Listando todos los usuarios
2026-05-24 01:04:30.032 [http-nio-8080-exec-8] DEBUG UsuarioServiceImpl - Obteniendo DAO de Usuario
2026-05-24 01:04:30.040 [http-nio-8080-exec-10] DEBUG UsuarioRestController - Listando todos los usuarios
2026-05-24 01:04:30.041 [http-nio-8080-exec-10] DEBUG UsuarioServiceImpl - Obteniendo DAO de Usuario
2026-05-24 01:04:30.047 [http-nio-8080-exec-9] DEBUG UsuarioRestController - Listando todos los usuarios
2026-05-24 01:04:30.047 [http-nio-8080-exec-9] DEBUG UsuarioServiceImpl - Obteniendo DAO de Usuario
2026-05-24 01:04:30.054 [http-nio-8080-exec-1] DEBUG UsuarioRestController - Listando todos los usuarios
2026-05-24 01:04:30.054 [http-nio-8080-exec-1] DEBUG UsuarioServiceImpl - Obteniendo DAO de Usuario
2026-05-24 01:04:30.060 [http-nio-8080-exec-3] DEBUG UsuarioRestController - Listando todos los usuarios
2026-05-24 01:04:30.060 [http-nio-8080-exec-3] DEBUG UsuarioServiceImpl - Obteniendo DAO de Usuario
2026-05-24 01:04:30.064 [http-nio-8080-exec-2] DEBUG UsuarioRestController - Listando todos los usuarios
2026-05-24 01:04:30.065 [http-nio-8080-exec-2] DEBUG UsuarioServiceImpl - Obteniendo DAO de Usuario
2026-05-24 01:04:30.070 [http-nio-8080-exec-5] DEBUG UsuarioRestController - Listando todos los usuarios
2026-05-24 01:04:30.070 [http-nio-8080-exec-5] DEBUG UsuarioServiceImpl - Obteniendo DAO de Usuario
2026-05-24 01:04:30.075 [http-nio-8080-exec-6] DEBUG UsuarioRestController - Listando todos los usuarios
2026-05-24 01:04:30.075 [http-nio-8080-exec-6] DEBUG UsuarioServiceImpl - Obteniendo DAO de Usuario
2026-05-24 01:04:30.080 [http-nio-8080-exec-7] DEBUG UsuarioRestController - Listando todos los usuarios
2026-05-24 01:04:30.080 [http-nio-8080-exec-7] DEBUG UsuarioServiceImpl - Obteniendo DAO de Usuario
2026-05-24 01:04:30.085 [http-nio-8080-exec-4] DEBUG UsuarioRestController - Listando todos los usuarios
2026-05-24 01:04:30.085 [http-nio-8080-exec-4] DEBUG UsuarioServiceImpl - Obteniendo DAO de Usuario
2026-05-24 01:04:30.091 [http-nio-8080-exec-8] DEBUG UsuarioRestController - Listando todos los usuarios
2026-05-24 01:04:30.091 [http-nio-8080-exec-8] DEBUG UsuarioServiceImpl - Obteniendo DAO de Usuario
2026-05-24 01:04:30.097 [http-nio-8080-exec-10] DEBUG UsuarioRestController - Listando todos los usuarios
2026-05-24 01:04:30.097 [http-nio-8080-exec-10] DEBUG UsuarioServiceImpl - Obteniendo DAO de Usuario
2026-05-24 01:04:30.102 [http-nio-8080-exec-9] DEBUG UsuarioRestController - Listando todos los usuarios
2026-05-24 01:04:30.102 [http-nio-8080-exec-9] DEBUG UsuarioServiceImpl - Obteniendo DAO de Usuario
2026-05-24 01:04:30.107 [http-nio-8080-exec-1] DEBUG UsuarioRestController - Listando todos los usuarios
2026-05-24 01:04:30.108 [http-nio-8080-exec-1] DEBUG UsuarioServiceImpl - Obteniendo DAO de Usuario
2026-05-24 01:04:30.114 [http-nio-8080-exec-3] DEBUG UsuarioRestController - Listando todos los usuarios
2026-05-24 01:04:30.114 [http-nio-8080-exec-3] DEBUG UsuarioServiceImpl - Obteniendo DAO de Usuario
2026-05-24 01:04:30.119 [http-nio-8080-exec-2] DEBUG UsuarioRestController - Listando todos los usuarios
2026-05-24 01:04:30.119 [http-nio-8080-exec-2] DEBUG UsuarioServiceImpl - Obteniendo DAO de Usuario
2026-05-24 01:04:30.124 [http-nio-8080-exec-5] DEBUG UsuarioRestController - Listando todos los usuarios
2026-05-24 01:04:30.124 [http-nio-8080-exec-5] DEBUG UsuarioServiceImpl - Obteniendo DAO de Usuario
2026-05-24 01:04:30.129 [http-nio-8080-exec-6] DEBUG UsuarioRestController - Listando todos los usuarios
2026-05-24 01:04:30.129 [http-nio-8080-exec-6] DEBUG UsuarioServiceImpl - Obteniendo DAO de Usuario
2026-05-24 01:04:30.134 [http-nio-8080-exec-7] DEBUG UsuarioRestController - Listando todos los usuarios
2026-05-24 01:04:30.134 [http-nio-8080-exec-7] DEBUG UsuarioServiceImpl - Obteniendo DAO de Usuario
2026-05-24 01:04:30.139 [http-nio-8080-exec-4] DEBUG UsuarioRestController - Listando todos los usuarios
2026-05-24 01:04:30.139 [http-nio-8080-exec-4] DEBUG UsuarioServiceImpl - Obteniendo DAO de Usuario
2026-05-24 01:04:30.144 [http-nio-8080-exec-8] DEBUG UsuarioRestController - Listando todos los usuarios
2026-05-24 01:04:30.144 [http-nio-8080-exec-8] DEBUG UsuarioServiceImpl - Obteniendo DAO de Usuario
2026-05-24 01:04:30.149 [http-nio-8080-exec-10] DEBUG UsuarioRestController - Listando todos los usuarios
2026-05-24 01:04:30.149 [http-nio-8080-exec-10] DEBUG UsuarioServiceImpl - Obteniendo DAO de Usuario
2026-05-24 01:04:30.153 [http-nio-8080-exec-9] DEBUG UsuarioRestController - Listando todos los usuarios
2026-05-24 01:04:30.154 [http-nio-8080-exec-9] DEBUG UsuarioServiceImpl - Obteniendo DAO de Usuario
2026-05-24 01:04:30.159 [http-nio-8080-exec-1] DEBUG UsuarioRestController - Listando todos los usuarios
2026-05-24 01:04:30.159 [http-nio-8080-exec-1] DEBUG UsuarioServiceImpl - Obteniendo DAO de Usuario
2026-05-24 01:04:30.164 [http-nio-8080-exec-3] DEBUG UsuarioRestController - Listando todos los usuarios
2026-05-24 01:04:30.164 [http-nio-8080-exec-3] DEBUG UsuarioServiceImpl - Obteniendo DAO de Usuario
2026-05-24 01:04:30.169 [http-nio-8080-exec-2] DEBUG UsuarioRestController - Listando todos los usuarios
2026-05-24 01:04:30.169 [http-nio-8080-exec-2] DEBUG UsuarioServiceImpl - Obteniendo DAO de Usuario
2026-05-24 01:04:30.175 [http-nio-8080-exec-5] DEBUG UsuarioRestController - Listando todos los usuarios
2026-05-24 01:04:30.175 [http-nio-8080-exec-5] DEBUG UsuarioServiceImpl - Obteniendo DAO de Usuario
2026-05-24 01:04:30.179 [http-nio-8080-exec-6] DEBUG UsuarioRestController - Listando todos los usuarios
2026-05-24 01:04:30.179 [http-nio-8080-exec-6] DEBUG UsuarioServiceImpl - Obteniendo DAO de Usuario
2026-05-24 01:04:30.183 [http-nio-8080-exec-7] DEBUG UsuarioRestController - Listando todos los usuarios
2026-05-24 01:04:30.183 [http-nio-8080-exec-7] DEBUG UsuarioServiceImpl - Obteniendo DAO de Usuario
2026-05-24 01:04:30.188 [http-nio-8080-exec-4] DEBUG UsuarioRestController - Listando todos los usuarios
2026-05-24 01:04:30.188 [http-nio-8080-exec-4] DEBUG UsuarioServiceImpl - Obteniendo DAO de Usuario
2026-05-24 01:04:30.193 [http-nio-8080-exec-8] DEBUG UsuarioRestController - Listando todos los usuarios
2026-05-24 01:04:30.193 [http-nio-8080-exec-8] DEBUG UsuarioServiceImpl - Obteniendo DAO de Usuario
2026-05-24 01:04:30.198 [http-nio-8080-exec-10] DEBUG UsuarioRestController - Listando todos los usuarios
2026-05-24 01:04:30.198 [http-nio-8080-exec-10] DEBUG UsuarioServiceImpl - Obteniendo DAO de Usuario
2026-05-24 01:04:30.203 [http-nio-8080-exec-9] DEBUG UsuarioRestController - Listando todos los usuarios
2026-05-24 01:04:30.203 [http-nio-8080-exec-9] DEBUG UsuarioServiceImpl - Obteniendo DAO de Usuario
2026-05-24 01:04:30.208 [http-nio-8080-exec-1] DEBUG UsuarioRestController - Listando todos los usuarios
2026-05-24 01:04:30.208 [http-nio-8080-exec-1] DEBUG UsuarioServiceImpl - Obteniendo DAO de Usuario
2026-05-24 01:04:30.213 [http-nio-8080-exec-3] DEBUG UsuarioRestController - Listando todos los usuarios
2026-05-24 01:04:30.213 [http-nio-8080-exec-3] DEBUG UsuarioServiceImpl - Obteniendo DAO de Usuario
2026-05-24 01:04:30.218 [http-nio-8080-exec-2] DEBUG UsuarioRestController - Listando todos los usuarios
2026-05-24 01:04:30.218 [http-nio-8080-exec-2] DEBUG UsuarioServiceImpl - Obteniendo DAO de Usuario
2026-05-24 01:04:30.224 [http-nio-8080-exec-5] DEBUG UsuarioRestController - Listando todos los usuarios
2026-05-24 01:04:30.224 [http-nio-8080-exec-5] DEBUG UsuarioServiceImpl - Obteniendo DAO de Usuario
2026-05-24 01:04:30.229 [http-nio-8080-exec-6] DEBUG UsuarioRestController - Listando todos los usuarios
2026-05-24 01:04:30.229 [http-nio-8080-exec-6] DEBUG UsuarioServiceImpl - Obteniendo DAO de Usuario
2026-05-24 01:04:30.233 [http-nio-8080-exec-7] DEBUG UsuarioRestController - Listando todos los usuarios
2026-05-24 01:04:30.233 [http-nio-8080-exec-7] DEBUG UsuarioServiceImpl - Obteniendo DAO de Usuario
2026-05-24 01:04:30.237 [http-nio-8080-exec-4] DEBUG UsuarioRestController - Listando todos los usuarios
2026-05-24 01:04:30.237 [http-nio-8080-exec-4] DEBUG UsuarioServiceImpl - Obteniendo DAO de Usuario
2026-05-24 01:04:30.242 [http-nio-8080-exec-8] DEBUG UsuarioRestController - Listando todos los usuarios
2026-05-24 01:04:30.242 [http-nio-8080-exec-8] DEBUG UsuarioServiceImpl - Obteniendo DAO de Usuario
2026-05-24 01:04:30.247 [http-nio-8080-exec-10] DEBUG UsuarioRestController - Listando todos los usuarios
2026-05-24 01:04:30.247 [http-nio-8080-exec-10] DEBUG UsuarioServiceImpl - Obteniendo DAO de Usuario
2026-05-24 01:04:30.252 [http-nio-8080-exec-9] DEBUG UsuarioRestController - Listando todos los usuarios
2026-05-24 01:04:30.252 [http-nio-8080-exec-9] DEBUG UsuarioServiceImpl - Obteniendo DAO de Usuario
2026-05-24 01:04:30.257 [http-nio-8080-exec-1] DEBUG UsuarioRestController - Listando todos los usuarios
2026-05-24 01:04:30.257 [http-nio-8080-exec-1] DEBUG UsuarioServiceImpl - Obteniendo DAO de Usuario
2026-05-24 01:04:30.262 [http-nio-8080-exec-3] DEBUG UsuarioRestController - Listando todos los usuarios
2026-05-24 01:04:30.262 [http-nio-8080-exec-3] DEBUG UsuarioServiceImpl - Obteniendo DAO de Usuario
2026-05-24 01:04:30.267 [http-nio-8080-exec-2] DEBUG UsuarioRestController - Listando todos los usuarios
2026-05-24 01:04:30.267 [http-nio-8080-exec-2] DEBUG UsuarioServiceImpl - Obteniendo DAO de Usuario
2026-05-24 01:04:30.277 [http-nio-8080-exec-5] DEBUG UsuarioRestController - Listando todos los usuarios
2026-05-24 01:04:30.278 [http-nio-8080-exec-5] DEBUG UsuarioServiceImpl - Obteniendo DAO de Usuario
2026-05-24 01:04:30.287 [http-nio-8080-exec-6] DEBUG UsuarioRestController - Listando todos los usuarios
2026-05-24 01:04:30.288 [http-nio-8080-exec-6] DEBUG UsuarioServiceImpl - Obteniendo DAO de Usuario
2026-05-24 01:04:30.293 [http-nio-8080-exec-7] DEBUG UsuarioRestController - Listando todos los usuarios
2026-05-24 01:04:30.293 [http-nio-8080-exec-7] DEBUG UsuarioServiceImpl - Obteniendo DAO de Usuario
2026-05-24 01:04:30.299 [http-nio-8080-exec-4] DEBUG UsuarioRestController - Listando todos los usuarios
2026-05-24 01:04:30.299 [http-nio-8080-exec-4] DEBUG UsuarioServiceImpl - Obteniendo DAO de Usuario
2026-05-24 01:04:30.306 [http-nio-8080-exec-8] DEBUG UsuarioRestController - Listando todos los usuarios
2026-05-24 01:04:30.306 [http-nio-8080-exec-8] DEBUG UsuarioServiceImpl - Obteniendo DAO de Usuario
2026-05-24 01:04:30.312 [http-nio-8080-exec-10] DEBUG UsuarioRestController - Listando todos los usuarios
2026-05-24 01:04:30.312 [http-nio-8080-exec-10] DEBUG UsuarioServiceImpl - Obteniendo DAO de Usuario
2026-05-24 01:04:30.319 [http-nio-8080-exec-9] DEBUG UsuarioRestController - Listando todos los usuarios
2026-05-24 01:04:30.319 [http-nio-8080-exec-9] DEBUG UsuarioServiceImpl - Obteniendo DAO de Usuario
2026-05-24 01:04:30.326 [http-nio-8080-exec-1] DEBUG UsuarioRestController - Listando todos los usuarios
2026-05-24 01:04:30.326 [http-nio-8080-exec-1] DEBUG UsuarioServiceImpl - Obteniendo DAO de Usuario
2026-05-24 01:04:30.332 [http-nio-8080-exec-3] DEBUG UsuarioRestController - Listando todos los usuarios
2026-05-24 01:04:30.333 [http-nio-8080-exec-3] DEBUG UsuarioServiceImpl - Obteniendo DAO de Usuario
2026-05-24 01:04:30.339 [http-nio-8080-exec-2] DEBUG UsuarioRestController - Listando todos los usuarios
2026-05-24 01:04:30.339 [http-nio-8080-exec-2] DEBUG UsuarioServiceImpl - Obteniendo DAO de Usuario
2026-05-24 01:04:30.346 [http-nio-8080-exec-5] DEBUG UsuarioRestController - Listando todos los usuarios
2026-05-24 01:04:30.346 [http-nio-8080-exec-5] DEBUG UsuarioServiceImpl - Obteniendo DAO de Usuario
2026-05-24 01:04:30.352 [http-nio-8080-exec-6] DEBUG UsuarioRestController - Listando todos los usuarios
2026-05-24 01:04:30.352 [http-nio-8080-exec-6] DEBUG UsuarioServiceImpl - Obteniendo DAO de Usuario
2026-05-24 01:04:30.359 [http-nio-8080-exec-7] DEBUG UsuarioRestController - Listando todos los usuarios
2026-05-24 01:04:30.359 [http-nio-8080-exec-7] DEBUG UsuarioServiceImpl - Obteniendo DAO de Usuario
2026-05-24 01:04:30.367 [http-nio-8080-exec-4] DEBUG UsuarioRestController - Listando todos los usuarios
2026-05-24 01:04:30.368 [http-nio-8080-exec-4] DEBUG UsuarioServiceImpl - Obteniendo DAO de Usuario
2026-05-24 01:04:30.374 [http-nio-8080-exec-8] DEBUG UsuarioRestController - Listando todos los usuarios
2026-05-24 01:04:30.374 [http-nio-8080-exec-8] DEBUG UsuarioServiceImpl - Obteniendo DAO de Usuario
2026-05-24 01:04:30.380 [http-nio-8080-exec-10] DEBUG UsuarioRestController - Listando todos los usuarios
2026-05-24 01:04:30.380 [http-nio-8080-exec-10] DEBUG UsuarioServiceImpl - Obteniendo DAO de Usuario
2026-05-24 01:04:30.384 [http-nio-8080-exec-9] DEBUG UsuarioRestController - Listando todos los usuarios
2026-05-24 01:04:30.385 [http-nio-8080-exec-9] DEBUG UsuarioServiceImpl - Obteniendo DAO de Usuario
2026-05-24 01:04:30.391 [http-nio-8080-exec-1] DEBUG UsuarioRestController - Listando todos los usuarios
2026-05-24 01:04:30.391 [http-nio-8080-exec-1] DEBUG UsuarioServiceImpl - Obteniendo DAO de Usuario
2026-05-24 01:04:30.396 [http-nio-8080-exec-3] DEBUG UsuarioRestController - Listando todos los usuarios
2026-05-24 01:04:30.397 [http-nio-8080-exec-3] DEBUG UsuarioServiceImpl - Obteniendo DAO de Usuario
2026-05-24 01:04:30.402 [http-nio-8080-exec-2] DEBUG UsuarioRestController - Listando todos los usuarios
2026-05-24 01:04:30.402 [http-nio-8080-exec-2] DEBUG UsuarioServiceImpl - Obteniendo DAO de Usuario
2026-05-24 01:04:30.408 [http-nio-8080-exec-5] DEBUG UsuarioRestController - Listando todos los usuarios
2026-05-24 01:04:30.408 [http-nio-8080-exec-5] DEBUG UsuarioServiceImpl - Obteniendo DAO de Usuario
2026-05-24 01:04:30.415 [http-nio-8080-exec-6] DEBUG UsuarioRestController - Listando todos los usuarios
2026-05-24 01:04:30.415 [http-nio-8080-exec-6] DEBUG UsuarioServiceImpl - Obteniendo DAO de Usuario
2026-05-24 01:04:30.421 [http-nio-8080-exec-7] DEBUG UsuarioRestController - Listando todos los usuarios
2026-05-24 01:04:30.421 [http-nio-8080-exec-7] DEBUG UsuarioServiceImpl - Obteniendo DAO de Usuario
2026-05-24 01:04:30.429 [http-nio-8080-exec-4] DEBUG UsuarioRestController - Listando todos los usuarios
2026-05-24 01:04:30.429 [http-nio-8080-exec-4] DEBUG UsuarioServiceImpl - Obteniendo DAO de Usuario
2026-05-24 01:04:30.435 [http-nio-8080-exec-8] DEBUG UsuarioRestController - Listando todos los usuarios
2026-05-24 01:04:30.435 [http-nio-8080-exec-8] DEBUG UsuarioServiceImpl - Obteniendo DAO de Usuario
2026-05-24 01:04:30.441 [http-nio-8080-exec-10] DEBUG UsuarioRestController - Listando todos los usuarios
2026-05-24 01:04:30.441 [http-nio-8080-exec-10] DEBUG UsuarioServiceImpl - Obteniendo DAO de Usuario
2026-05-24 01:04:30.447 [http-nio-8080-exec-9] DEBUG UsuarioRestController - Listando todos los usuarios
2026-05-24 01:04:30.448 [http-nio-8080-exec-9] DEBUG UsuarioServiceImpl - Obteniendo DAO de Usuario
2026-05-24 01:04:30.455 [http-nio-8080-exec-1] DEBUG UsuarioRestController - Listando todos los usuarios
2026-05-24 01:04:30.455 [http-nio-8080-exec-1] DEBUG UsuarioServiceImpl - Obteniendo DAO de Usuario
2026-05-24 01:04:30.460 [http-nio-8080-exec-3] DEBUG UsuarioRestController - Listando todos los usuarios
2026-05-24 01:04:30.460 [http-nio-8080-exec-3] DEBUG UsuarioServiceImpl - Obteniendo DAO de Usuario
2026-05-24 01:04:30.465 [http-nio-8080-exec-2] DEBUG UsuarioRestController - Listando todos los usuarios
2026-05-24 01:04:30.465 [http-nio-8080-exec-2] DEBUG UsuarioServiceImpl - Obteniendo DAO de Usuario
2026-05-24 01:04:30.471 [http-nio-8080-exec-5] DEBUG UsuarioRestController - Listando todos los usuarios
2026-05-24 01:04:30.471 [http-nio-8080-exec-5] DEBUG UsuarioServiceImpl - Obteniendo DAO de Usuario
2026-05-24 01:04:30.478 [http-nio-8080-exec-6] DEBUG UsuarioRestController - Listando todos los usuarios
2026-05-24 01:04:30.478 [http-nio-8080-exec-6] DEBUG UsuarioServiceImpl - Obteniendo DAO de Usuario
2026-05-24 01:04:30.484 [http-nio-8080-exec-7] DEBUG UsuarioRestController - Listando todos los usuarios
2026-05-24 01:04:30.484 [http-nio-8080-exec-7] DEBUG UsuarioServiceImpl - Obteniendo DAO de Usuario
2026-05-24 01:04:30.491 [http-nio-8080-exec-4] DEBUG UsuarioRestController - Listando todos los usuarios
2026-05-24 01:04:30.491 [http-nio-8080-exec-4] DEBUG UsuarioServiceImpl - Obteniendo DAO de Usuario
2026-05-24 01:04:30.496 [http-nio-8080-exec-8] DEBUG UsuarioRestController - Listando todos los usuarios
2026-05-24 01:04:30.496 [http-nio-8080-exec-8] DEBUG UsuarioServiceImpl - Obteniendo DAO de Usuario
2026-05-24 01:04:30.501 [http-nio-8080-exec-10] DEBUG UsuarioRestController - Listando todos los usuarios
2026-05-24 01:04:30.501 [http-nio-8080-exec-10] DEBUG UsuarioServiceImpl - Obteniendo DAO de Usuario
2026-05-24 01:04:30.508 [http-nio-8080-exec-9] DEBUG UsuarioRestController - Listando todos los usuarios
2026-05-24 01:04:30.508 [http-nio-8080-exec-9] DEBUG UsuarioServiceImpl - Obteniendo DAO de Usuario
2026-05-24 01:04:30.514 [http-nio-8080-exec-1] DEBUG UsuarioRestController - Listando todos los usuarios
2026-05-24 01:04:30.514 [http-nio-8080-exec-1] DEBUG UsuarioServiceImpl - Obteniendo DAO de Usuario
2026-05-24 01:04:30.523 [http-nio-8080-exec-3] DEBUG UsuarioRestController - Listando todos los usuarios
2026-05-24 01:04:30.524 [http-nio-8080-exec-3] DEBUG UsuarioServiceImpl - Obteniendo DAO de Usuario
2026-05-24 01:04:30.530 [http-nio-8080-exec-2] DEBUG UsuarioRestController - Listando todos los usuarios
2026-05-24 01:04:30.530 [http-nio-8080-exec-2] DEBUG UsuarioServiceImpl - Obteniendo DAO de Usuario
2026-05-24 01:04:30.536 [http-nio-8080-exec-5] DEBUG UsuarioRestController - Listando todos los usuarios
2026-05-24 01:04:30.536 [http-nio-8080-exec-5] DEBUG UsuarioServiceImpl - Obteniendo DAO de Usuario
2026-05-24 01:04:30.545 [http-nio-8080-exec-6] DEBUG UsuarioRestController - Listando todos los usuarios
2026-05-24 01:04:30.545 [http-nio-8080-exec-6] DEBUG UsuarioServiceImpl - Obteniendo DAO de Usuario
2026-05-24 01:04:30.552 [http-nio-8080-exec-7] DEBUG UsuarioRestController - Listando todos los usuarios
2026-05-24 01:04:30.553 [http-nio-8080-exec-7] DEBUG UsuarioServiceImpl - Obteniendo DAO de Usuario
2026-05-24 01:04:30.561 [http-nio-8080-exec-4] DEBUG UsuarioRestController - Listando todos los usuarios
2026-05-24 01:04:30.561 [http-nio-8080-exec-4] DEBUG UsuarioServiceImpl - Obteniendo DAO de Usuario
2026-05-24 01:04:30.567 [http-nio-8080-exec-8] DEBUG UsuarioRestController - Listando todos los usuarios
2026-05-24 01:04:30.567 [http-nio-8080-exec-8] DEBUG UsuarioServiceImpl - Obteniendo DAO de Usuario
2026-05-24 01:04:30.575 [http-nio-8080-exec-10] DEBUG UsuarioRestController - Listando todos los usuarios
2026-05-24 01:04:30.575 [http-nio-8080-exec-10] DEBUG UsuarioServiceImpl - Obteniendo DAO de Usuario
2026-05-24 01:04:30.581 [http-nio-8080-exec-9] DEBUG UsuarioRestController - Listando todos los usuarios
2026-05-24 01:04:30.581 [http-nio-8080-exec-9] DEBUG UsuarioServiceImpl - Obteniendo DAO de Usuario
2026-05-24 01:04:30.586 [http-nio-8080-exec-1] DEBUG UsuarioRestController - Listando todos los usuarios
2026-05-24 01:04:30.586 [http-nio-8080-exec-1] DEBUG UsuarioServiceImpl - Obteniendo DAO de Usuario
2026-05-24 01:04:30.592 [http-nio-8080-exec-3] DEBUG UsuarioRestController - Listando todos los usuarios
2026-05-24 01:04:30.592 [http-nio-8080-exec-3] DEBUG UsuarioServiceImpl - Obteniendo DAO de Usuario
2026-05-24 01:04:30.597 [http-nio-8080-exec-2] DEBUG UsuarioRestController - Listando todos los usuarios
2026-05-24 01:04:30.598 [http-nio-8080-exec-2] DEBUG UsuarioServiceImpl - Obteniendo DAO de Usuario
2026-05-24 01:04:30.603 [http-nio-8080-exec-5] DEBUG UsuarioRestController - Listando todos los usuarios
2026-05-24 01:04:30.603 [http-nio-8080-exec-5] DEBUG UsuarioServiceImpl - Obteniendo DAO de Usuario
2026-05-24 01:04:30.608 [http-nio-8080-exec-6] DEBUG UsuarioRestController - Listando todos los usuarios
2026-05-24 01:04:30.608 [http-nio-8080-exec-6] DEBUG UsuarioServiceImpl - Obteniendo DAO de Usuario
2026-05-24 01:04:30.613 [http-nio-8080-exec-7] DEBUG UsuarioRestController - Listando todos los usuarios
2026-05-24 01:04:30.614 [http-nio-8080-exec-7] DEBUG UsuarioServiceImpl - Obteniendo DAO de Usuario
2026-05-24 01:04:30.618 [http-nio-8080-exec-4] DEBUG UsuarioRestController - Listando todos los usuarios
2026-05-24 01:04:30.618 [http-nio-8080-exec-4] DEBUG UsuarioServiceImpl - Obteniendo DAO de Usuario
2026-05-24 01:04:30.623 [http-nio-8080-exec-8] DEBUG UsuarioRestController - Listando todos los usuarios
2026-05-24 01:04:30.623 [http-nio-8080-exec-8] DEBUG UsuarioServiceImpl - Obteniendo DAO de Usuario
2026-05-24 01:04:30.628 [http-nio-8080-exec-10] DEBUG UsuarioRestController - Listando todos los usuarios
2026-05-24 01:04:30.628 [http-nio-8080-exec-10] DEBUG UsuarioServiceImpl - Obteniendo DAO de Usuario
2026-05-24 01:04:30.634 [http-nio-8080-exec-9] DEBUG UsuarioRestController - Listando todos los usuarios
2026-05-24 01:04:30.634 [http-nio-8080-exec-9] DEBUG UsuarioServiceImpl - Obteniendo DAO de Usuario
2026-05-24 01:04:30.640 [http-nio-8080-exec-1] DEBUG UsuarioRestController - Listando todos los usuarios
2026-05-24 01:04:30.641 [http-nio-8080-exec-1] DEBUG UsuarioServiceImpl - Obteniendo DAO de Usuario
2026-05-24 01:04:30.646 [http-nio-8080-exec-3] DEBUG UsuarioRestController - Listando todos los usuarios
2026-05-24 01:04:30.646 [http-nio-8080-exec-3] DEBUG UsuarioServiceImpl - Obteniendo DAO de Usuario
2026-05-24 01:04:30.651 [http-nio-8080-exec-2] DEBUG UsuarioRestController - Listando todos los usuarios
2026-05-24 01:04:30.652 [http-nio-8080-exec-2] DEBUG UsuarioServiceImpl - Obteniendo DAO de Usuario
2026-05-24 01:04:30.657 [http-nio-8080-exec-5] DEBUG UsuarioRestController - Listando todos los usuarios
2026-05-24 01:04:30.657 [http-nio-8080-exec-5] DEBUG UsuarioServiceImpl - Obteniendo DAO de Usuario
2026-05-24 01:04:30.662 [http-nio-8080-exec-6] DEBUG UsuarioRestController - Listando todos los usuarios
2026-05-24 01:04:30.663 [http-nio-8080-exec-6] DEBUG UsuarioServiceImpl - Obteniendo DAO de Usuario
2026-05-24 01:04:30.667 [http-nio-8080-exec-7] DEBUG UsuarioRestController - Listando todos los usuarios
2026-05-24 01:04:30.667 [http-nio-8080-exec-7] DEBUG UsuarioServiceImpl - Obteniendo DAO de Usuario
2026-05-24 01:04:30.672 [http-nio-8080-exec-4] DEBUG UsuarioRestController - Listando todos los usuarios
2026-05-24 01:04:30.672 [http-nio-8080-exec-4] DEBUG UsuarioServiceImpl - Obteniendo DAO de Usuario
2026-05-24 01:04:30.677 [http-nio-8080-exec-8] DEBUG UsuarioRestController - Listando todos los usuarios
2026-05-24 01:04:30.677 [http-nio-8080-exec-8] DEBUG UsuarioServiceImpl - Obteniendo DAO de Usuario
2026-05-24 01:04:30.683 [http-nio-8080-exec-10] DEBUG UsuarioRestController - Listando todos los usuarios
2026-05-24 01:04:30.683 [http-nio-8080-exec-10] DEBUG UsuarioServiceImpl - Obteniendo DAO de Usuario
2026-05-24 01:04:30.688 [http-nio-8080-exec-9] DEBUG UsuarioRestController - Listando todos los usuarios
2026-05-24 01:04:30.688 [http-nio-8080-exec-9] DEBUG UsuarioServiceImpl - Obteniendo DAO de Usuario
2026-05-24 01:04:30.694 [http-nio-8080-exec-1] DEBUG UsuarioRestController - Listando todos los usuarios
2026-05-24 01:04:30.694 [http-nio-8080-exec-1] DEBUG UsuarioServiceImpl - Obteniendo DAO de Usuario
2026-05-24 01:04:30.700 [http-nio-8080-exec-3] DEBUG UsuarioRestController - Listando todos los usuarios
2026-05-24 01:04:30.700 [http-nio-8080-exec-3] DEBUG UsuarioServiceImpl - Obteniendo DAO de Usuario
2026-05-24 01:04:30.705 [http-nio-8080-exec-2] DEBUG UsuarioRestController - Listando todos los usuarios
2026-05-24 01:04:30.705 [http-nio-8080-exec-2] DEBUG UsuarioServiceImpl - Obteniendo DAO de Usuario
2026-05-24 01:04:30.711 [http-nio-8080-exec-5] DEBUG UsuarioRestController - Listando todos los usuarios
2026-05-24 01:04:30.711 [http-nio-8080-exec-5] DEBUG UsuarioServiceImpl - Obteniendo DAO de Usuario
2026-05-24 01:04:30.717 [http-nio-8080-exec-6] DEBUG UsuarioRestController - Listando todos los usuarios
2026-05-24 01:04:30.717 [http-nio-8080-exec-6] DEBUG UsuarioServiceImpl - Obteniendo DAO de Usuario
2026-05-24 01:04:30.723 [http-nio-8080-exec-7] DEBUG UsuarioRestController - Listando todos los usuarios
2026-05-24 01:04:30.723 [http-nio-8080-exec-7] DEBUG UsuarioServiceImpl - Obteniendo DAO de Usuario
2026-05-24 01:04:30.729 [http-nio-8080-exec-4] DEBUG UsuarioRestController - Listando todos los usuarios
2026-05-24 01:04:30.729 [http-nio-8080-exec-4] DEBUG UsuarioServiceImpl - Obteniendo DAO de Usuario
2026-05-24 01:04:30.735 [http-nio-8080-exec-8] DEBUG UsuarioRestController - Listando todos los usuarios
2026-05-24 01:04:30.735 [http-nio-8080-exec-8] DEBUG UsuarioServiceImpl - Obteniendo DAO de Usuario
2026-05-24 01:04:30.741 [http-nio-8080-exec-10] DEBUG UsuarioRestController - Listando todos los usuarios
2026-05-24 01:04:30.741 [http-nio-8080-exec-10] DEBUG UsuarioServiceImpl - Obteniendo DAO de Usuario
2026-05-24 01:04:30.747 [http-nio-8080-exec-9] DEBUG UsuarioRestController - Listando todos los usuarios
2026-05-24 01:04:30.747 [http-nio-8080-exec-9] DEBUG UsuarioServiceImpl - Obteniendo DAO de Usuario
2026-05-24 01:04:30.754 [http-nio-8080-exec-1] DEBUG UsuarioRestController - Listando todos los usuarios
2026-05-24 01:04:30.754 [http-nio-8080-exec-1] DEBUG UsuarioServiceImpl - Obteniendo DAO de Usuario
2026-05-24 01:04:30.759 [http-nio-8080-exec-3] DEBUG UsuarioRestController - Listando todos los usuarios
2026-05-24 01:04:30.759 [http-nio-8080-exec-3] DEBUG UsuarioServiceImpl - Obteniendo DAO de Usuario
2026-05-24 01:04:30.764 [http-nio-8080-exec-2] DEBUG UsuarioRestController - Listando todos los usuarios
2026-05-24 01:04:30.764 [http-nio-8080-exec-2] DEBUG UsuarioServiceImpl - Obteniendo DAO de Usuario
2026-05-24 01:04:30.770 [http-nio-8080-exec-5] DEBUG UsuarioRestController - Listando todos los usuarios
2026-05-24 01:04:30.770 [http-nio-8080-exec-5] DEBUG UsuarioServiceImpl - Obteniendo DAO de Usuario
2026-05-24 01:04:30.778 [http-nio-8080-exec-6] DEBUG UsuarioRestController - Listando todos los usuarios
2026-05-24 01:04:30.778 [http-nio-8080-exec-6] DEBUG UsuarioServiceImpl - Obteniendo DAO de Usuario
2026-05-24 01:04:30.785 [http-nio-8080-exec-7] DEBUG UsuarioRestController - Listando todos los usuarios
2026-05-24 01:04:30.785 [http-nio-8080-exec-7] DEBUG UsuarioServiceImpl - Obteniendo DAO de Usuario
2026-05-24 01:04:30.793 [http-nio-8080-exec-4] DEBUG UsuarioRestController - Listando todos los usuarios
2026-05-24 01:04:30.793 [http-nio-8080-exec-4] DEBUG UsuarioServiceImpl - Obteniendo DAO de Usuario
2026-05-24 01:04:30.799 [http-nio-8080-exec-8] DEBUG UsuarioRestController - Listando todos los usuarios
2026-05-24 01:04:30.799 [http-nio-8080-exec-8] DEBUG UsuarioServiceImpl - Obteniendo DAO de Usuario
2026-05-24 01:04:30.806 [http-nio-8080-exec-10] DEBUG UsuarioRestController - Listando todos los usuarios
2026-05-24 01:04:30.806 [http-nio-8080-exec-10] DEBUG UsuarioServiceImpl - Obteniendo DAO de Usuario
2026-05-24 01:04:30.811 [http-nio-8080-exec-9] DEBUG UsuarioRestController - Listando todos los usuarios
2026-05-24 01:04:30.811 [http-nio-8080-exec-9] DEBUG UsuarioServiceImpl - Obteniendo DAO de Usuario
2026-05-24 01:04:30.816 [http-nio-8080-exec-1] DEBUG UsuarioRestController - Listando todos los usuarios
2026-05-24 01:04:30.817 [http-nio-8080-exec-1] DEBUG UsuarioServiceImpl - Obteniendo DAO de Usuario
2026-05-24 01:04:30.822 [http-nio-8080-exec-3] DEBUG UsuarioRestController - Listando todos los usuarios
2026-05-24 01:04:30.823 [http-nio-8080-exec-3] DEBUG UsuarioServiceImpl - Obteniendo DAO de Usuario
2026-05-24 01:04:30.828 [http-nio-8080-exec-2] DEBUG UsuarioRestController - Listando todos los usuarios
2026-05-24 01:04:30.829 [http-nio-8080-exec-2] DEBUG UsuarioServiceImpl - Obteniendo DAO de Usuario
2026-05-24 01:04:30.835 [http-nio-8080-exec-5] DEBUG UsuarioRestController - Listando todos los usuarios
2026-05-24 01:04:30.836 [http-nio-8080-exec-5] DEBUG UsuarioServiceImpl - Obteniendo DAO de Usuario
2026-05-24 01:04:30.841 [http-nio-8080-exec-6] DEBUG UsuarioRestController - Listando todos los usuarios
2026-05-24 01:04:30.841 [http-nio-8080-exec-6] DEBUG UsuarioServiceImpl - Obteniendo DAO de Usuario
2026-05-24 01:04:30.846 [http-nio-8080-exec-7] DEBUG UsuarioRestController - Listando todos los usuarios
2026-05-24 01:04:30.846 [http-nio-8080-exec-7] DEBUG UsuarioServiceImpl - Obteniendo DAO de Usuario
2026-05-24 01:04:30.852 [http-nio-8080-exec-4] DEBUG UsuarioRestController - Listando todos los usuarios
2026-05-24 01:04:30.853 [http-nio-8080-exec-4] DEBUG UsuarioServiceImpl - Obteniendo DAO de Usuario
2026-05-24 01:04:30.858 [http-nio-8080-exec-8] DEBUG UsuarioRestController - Listando todos los usuarios
2026-05-24 01:04:30.858 [http-nio-8080-exec-8] DEBUG UsuarioServiceImpl - Obteniendo DAO de Usuario
2026-05-24 01:04:30.863 [http-nio-8080-exec-10] DEBUG UsuarioRestController - Listando todos los usuarios
2026-05-24 01:04:30.863 [http-nio-8080-exec-10] DEBUG UsuarioServiceImpl - Obteniendo DAO de Usuario
2026-05-24 01:04:30.869 [http-nio-8080-exec-9] DEBUG UsuarioRestController - Listando todos los usuarios
2026-05-24 01:04:30.869 [http-nio-8080-exec-9] DEBUG UsuarioServiceImpl - Obteniendo DAO de Usuario
2026-05-24 01:04:30.876 [http-nio-8080-exec-1] DEBUG UsuarioRestController - Listando todos los usuarios
2026-05-24 01:04:30.876 [http-nio-8080-exec-1] DEBUG UsuarioServiceImpl - Obteniendo DAO de Usuario
2026-05-24 01:04:30.882 [http-nio-8080-exec-3] DEBUG UsuarioRestController - Listando todos los usuarios
2026-05-24 01:04:30.882 [http-nio-8080-exec-3] DEBUG UsuarioServiceImpl - Obteniendo DAO de Usuario
2026-05-24 01:04:30.886 [http-nio-8080-exec-2] DEBUG UsuarioRestController - Listando todos los usuarios
2026-05-24 01:04:30.887 [http-nio-8080-exec-2] DEBUG UsuarioServiceImpl - Obteniendo DAO de Usuario
2026-05-24 01:04:30.893 [http-nio-8080-exec-5] DEBUG UsuarioRestController - Listando todos los usuarios
2026-05-24 01:04:30.893 [http-nio-8080-exec-5] DEBUG UsuarioServiceImpl - Obteniendo DAO de Usuario
2026-05-24 01:04:30.898 [http-nio-8080-exec-6] DEBUG UsuarioRestController - Listando todos los usuarios
2026-05-24 01:04:30.898 [http-nio-8080-exec-6] DEBUG UsuarioServiceImpl - Obteniendo DAO de Usuario
2026-05-24 01:04:30.904 [http-nio-8080-exec-7] DEBUG UsuarioRestController - Listando todos los usuarios
2026-05-24 01:04:30.904 [http-nio-8080-exec-7] DEBUG UsuarioServiceImpl - Obteniendo DAO de Usuario
2026-05-24 01:04:30.909 [http-nio-8080-exec-4] DEBUG UsuarioRestController - Listando todos los usuarios
2026-05-24 01:04:30.909 [http-nio-8080-exec-4] DEBUG UsuarioServiceImpl - Obteniendo DAO de Usuario
2026-05-24 01:04:30.914 [http-nio-8080-exec-8] DEBUG UsuarioRestController - Listando todos los usuarios
2026-05-24 01:04:30.914 [http-nio-8080-exec-8] DEBUG UsuarioServiceImpl - Obteniendo DAO de Usuario
2026-05-24 01:04:30.920 [http-nio-8080-exec-10] DEBUG UsuarioRestController - Listando todos los usuarios
2026-05-24 01:04:30.920 [http-nio-8080-exec-10] DEBUG UsuarioServiceImpl - Obteniendo DAO de Usuario
2026-05-24 01:04:30.925 [http-nio-8080-exec-9] DEBUG UsuarioRestController - Listando todos los usuarios
2026-05-24 01:04:30.925 [http-nio-8080-exec-9] DEBUG UsuarioServiceImpl - Obteniendo DAO de Usuario
2026-05-24 01:04:30.932 [http-nio-8080-exec-1] DEBUG UsuarioRestController - Listando todos los usuarios
2026-05-24 01:04:30.932 [http-nio-8080-exec-1] DEBUG UsuarioServiceImpl - Obteniendo DAO de Usuario
2026-05-24 01:04:30.938 [http-nio-8080-exec-3] DEBUG UsuarioRestController - Listando todos los usuarios
2026-05-24 01:04:30.938 [http-nio-8080-exec-3] DEBUG UsuarioServiceImpl - Obteniendo DAO de Usuario
2026-05-24 01:04:30.943 [http-nio-8080-exec-2] DEBUG UsuarioRestController - Listando todos los usuarios
2026-05-24 01:04:30.943 [http-nio-8080-exec-2] DEBUG UsuarioServiceImpl - Obteniendo DAO de Usuario
2026-05-24 01:04:30.949 [http-nio-8080-exec-5] DEBUG UsuarioRestController - Listando todos los usuarios
2026-05-24 01:04:30.949 [http-nio-8080-exec-5] DEBUG UsuarioServiceImpl - Obteniendo DAO de Usuario
2026-05-24 01:04:30.955 [http-nio-8080-exec-6] DEBUG UsuarioRestController - Listando todos los usuarios
2026-05-24 01:04:30.955 [http-nio-8080-exec-6] DEBUG UsuarioServiceImpl - Obteniendo DAO de Usuario
2026-05-24 01:04:30.961 [http-nio-8080-exec-7] DEBUG UsuarioRestController - Listando todos los usuarios
2026-05-24 01:04:30.961 [http-nio-8080-exec-7] DEBUG UsuarioServiceImpl - Obteniendo DAO de Usuario
2026-05-24 01:04:30.966 [http-nio-8080-exec-4] DEBUG UsuarioRestController - Listando todos los usuarios
2026-05-24 01:04:30.966 [http-nio-8080-exec-4] DEBUG UsuarioServiceImpl - Obteniendo DAO de Usuario
2026-05-24 01:04:30.972 [http-nio-8080-exec-8] DEBUG UsuarioRestController - Listando todos los usuarios
2026-05-24 01:04:30.973 [http-nio-8080-exec-8] DEBUG UsuarioServiceImpl - Obteniendo DAO de Usuario
2026-05-24 01:04:30.979 [http-nio-8080-exec-10] DEBUG UsuarioRestController - Listando todos los usuarios
2026-05-24 01:04:30.979 [http-nio-8080-exec-10] DEBUG UsuarioServiceImpl - Obteniendo DAO de Usuario
2026-05-24 01:04:30.985 [http-nio-8080-exec-9] DEBUG UsuarioRestController - Listando todos los usuarios
2026-05-24 01:04:30.985 [http-nio-8080-exec-9] DEBUG UsuarioServiceImpl - Obteniendo DAO de Usuario
2026-05-24 01:04:30.991 [http-nio-8080-exec-1] DEBUG UsuarioRestController - Listando todos los usuarios
2026-05-24 01:04:30.991 [http-nio-8080-exec-1] DEBUG UsuarioServiceImpl - Obteniendo DAO de Usuario
2026-05-24 01:04:30.996 [http-nio-8080-exec-3] DEBUG UsuarioRestController - Listando todos los usuarios
2026-05-24 01:04:30.996 [http-nio-8080-exec-3] DEBUG UsuarioServiceImpl - Obteniendo DAO de Usuario
2026-05-24 01:04:31.002 [http-nio-8080-exec-2] DEBUG UsuarioRestController - Listando todos los usuarios
2026-05-24 01:04:31.002 [http-nio-8080-exec-2] DEBUG UsuarioServiceImpl - Obteniendo DAO de Usuario
2026-05-24 01:04:31.008 [http-nio-8080-exec-5] DEBUG UsuarioRestController - Listando todos los usuarios
2026-05-24 01:04:31.009 [http-nio-8080-exec-5] DEBUG UsuarioServiceImpl - Obteniendo DAO de Usuario
2026-05-24 01:04:31.014 [http-nio-8080-exec-6] DEBUG UsuarioRestController - Listando todos los usuarios
2026-05-24 01:04:31.014 [http-nio-8080-exec-6] DEBUG UsuarioServiceImpl - Obteniendo DAO de Usuario
2026-05-24 01:04:31.020 [http-nio-8080-exec-7] DEBUG UsuarioRestController - Listando todos los usuarios
2026-05-24 01:04:31.020 [http-nio-8080-exec-7] DEBUG UsuarioServiceImpl - Obteniendo DAO de Usuario
2026-05-24 01:04:31.026 [http-nio-8080-exec-4] DEBUG UsuarioRestController - Listando todos los usuarios
2026-05-24 01:04:31.026 [http-nio-8080-exec-4] DEBUG UsuarioServiceImpl - Obteniendo DAO de Usuario
2026-05-24 01:04:31.031 [http-nio-8080-exec-8] DEBUG UsuarioRestController - Listando todos los usuarios
2026-05-24 01:04:31.031 [http-nio-8080-exec-8] DEBUG UsuarioServiceImpl - Obteniendo DAO de Usuario
2026-05-24 01:04:31.037 [http-nio-8080-exec-10] DEBUG UsuarioRestController - Listando todos los usuarios
2026-05-24 01:04:31.037 [http-nio-8080-exec-10] DEBUG UsuarioServiceImpl - Obteniendo DAO de Usuario
2026-05-24 01:04:31.043 [http-nio-8080-exec-9] DEBUG UsuarioRestController - Listando todos los usuarios
2026-05-24 01:04:31.043 [http-nio-8080-exec-9] DEBUG UsuarioServiceImpl - Obteniendo DAO de Usuario
2026-05-24 01:04:31.047 [http-nio-8080-exec-1] DEBUG UsuarioRestController - Listando todos los usuarios
2026-05-24 01:04:31.047 [http-nio-8080-exec-1] DEBUG UsuarioServiceImpl - Obteniendo DAO de Usuario
2026-05-24 01:04:31.053 [http-nio-8080-exec-3] DEBUG UsuarioRestController - Listando todos los usuarios
2026-05-24 01:04:31.053 [http-nio-8080-exec-3] DEBUG UsuarioServiceImpl - Obteniendo DAO de Usuario
2026-05-24 01:04:31.059 [http-nio-8080-exec-2] DEBUG UsuarioRestController - Listando todos los usuarios
2026-05-24 01:04:31.059 [http-nio-8080-exec-2] DEBUG UsuarioServiceImpl - Obteniendo DAO de Usuario
2026-05-24 01:04:31.063 [http-nio-8080-exec-5] DEBUG UsuarioRestController - Listando todos los usuarios
2026-05-24 01:04:31.063 [http-nio-8080-exec-5] DEBUG UsuarioServiceImpl - Obteniendo DAO de Usuario
2026-05-24 01:04:31.068 [http-nio-8080-exec-6] DEBUG UsuarioRestController - Listando todos los usuarios
2026-05-24 01:04:31.069 [http-nio-8080-exec-6] DEBUG UsuarioServiceImpl - Obteniendo DAO de Usuario
2026-05-24 01:04:31.075 [http-nio-8080-exec-7] DEBUG UsuarioRestController - Listando todos los usuarios
2026-05-24 01:04:31.075 [http-nio-8080-exec-7] DEBUG UsuarioServiceImpl - Obteniendo DAO de Usuario
2026-05-24 01:04:31.080 [http-nio-8080-exec-4] DEBUG UsuarioRestController - Listando todos los usuarios
2026-05-24 01:04:31.080 [http-nio-8080-exec-4] DEBUG UsuarioServiceImpl - Obteniendo DAO de Usuario
2026-05-24 01:04:31.084 [http-nio-8080-exec-8] DEBUG UsuarioRestController - Listando todos los usuarios
2026-05-24 01:04:31.084 [http-nio-8080-exec-8] DEBUG UsuarioServiceImpl - Obteniendo DAO de Usuario
2026-05-24 01:04:31.091 [http-nio-8080-exec-10] DEBUG UsuarioRestController - Listando todos los usuarios
2026-05-24 01:04:31.091 [http-nio-8080-exec-10] DEBUG UsuarioServiceImpl - Obteniendo DAO de Usuario
2026-05-24 01:04:31.095 [http-nio-8080-exec-9] DEBUG UsuarioRestController - Listando todos los usuarios
2026-05-24 01:04:31.095 [http-nio-8080-exec-9] DEBUG UsuarioServiceImpl - Obteniendo DAO de Usuario
2026-05-24 01:04:31.100 [http-nio-8080-exec-1] DEBUG UsuarioRestController - Listando todos los usuarios
2026-05-24 01:04:31.100 [http-nio-8080-exec-1] DEBUG UsuarioServiceImpl - Obteniendo DAO de Usuario
2026-05-24 01:04:31.106 [http-nio-8080-exec-3] DEBUG UsuarioRestController - Listando todos los usuarios
2026-05-24 01:04:31.106 [http-nio-8080-exec-3] DEBUG UsuarioServiceImpl - Obteniendo DAO de Usuario
2026-05-24 01:04:31.111 [http-nio-8080-exec-2] DEBUG UsuarioRestController - Listando todos los usuarios
2026-05-24 01:04:31.111 [http-nio-8080-exec-2] DEBUG UsuarioServiceImpl - Obteniendo DAO de Usuario
2026-05-24 01:04:31.116 [http-nio-8080-exec-5] DEBUG UsuarioRestController - Listando todos los usuarios
2026-05-24 01:04:31.117 [http-nio-8080-exec-5] DEBUG UsuarioServiceImpl - Obteniendo DAO de Usuario
2026-05-24 01:04:31.123 [http-nio-8080-exec-6] DEBUG UsuarioRestController - Listando todos los usuarios
2026-05-24 01:04:31.123 [http-nio-8080-exec-6] DEBUG UsuarioServiceImpl - Obteniendo DAO de Usuario
2026-05-24 01:04:31.129 [http-nio-8080-exec-7] DEBUG UsuarioRestController - Listando todos los usuarios
2026-05-24 01:04:31.129 [http-nio-8080-exec-7] DEBUG UsuarioServiceImpl - Obteniendo DAO de Usuario
2026-05-24 01:04:31.134 [http-nio-8080-exec-4] DEBUG UsuarioRestController - Listando todos los usuarios
2026-05-24 01:04:31.134 [http-nio-8080-exec-4] DEBUG UsuarioServiceImpl - Obteniendo DAO de Usuario
2026-05-24 01:04:31.140 [http-nio-8080-exec-8] DEBUG UsuarioRestController - Listando todos los usuarios
2026-05-24 01:04:31.140 [http-nio-8080-exec-8] DEBUG UsuarioServiceImpl - Obteniendo DAO de Usuario
2026-05-24 01:04:31.145 [http-nio-8080-exec-10] DEBUG UsuarioRestController - Listando todos los usuarios
2026-05-24 01:04:31.145 [http-nio-8080-exec-10] DEBUG UsuarioServiceImpl - Obteniendo DAO de Usuario
2026-05-24 01:04:31.149 [http-nio-8080-exec-9] DEBUG UsuarioRestController - Listando todos los usuarios
2026-05-24 01:04:31.149 [http-nio-8080-exec-9] DEBUG UsuarioServiceImpl - Obteniendo DAO de Usuario
2026-05-24 01:04:31.154 [http-nio-8080-exec-1] DEBUG UsuarioRestController - Listando todos los usuarios
2026-05-24 01:04:31.154 [http-nio-8080-exec-1] DEBUG UsuarioServiceImpl - Obteniendo DAO de Usuario
2026-05-24 01:04:31.159 [http-nio-8080-exec-3] DEBUG UsuarioRestController - Listando todos los usuarios
2026-05-24 01:04:31.159 [http-nio-8080-exec-3] DEBUG UsuarioServiceImpl - Obteniendo DAO de Usuario
2026-05-24 01:04:31.166 [http-nio-8080-exec-2] DEBUG UsuarioRestController - Listando todos los usuarios
2026-05-24 01:04:31.166 [http-nio-8080-exec-2] DEBUG UsuarioServiceImpl - Obteniendo DAO de Usuario
2026-05-24 01:04:31.171 [http-nio-8080-exec-5] DEBUG UsuarioRestController - Listando todos los usuarios
2026-05-24 01:04:31.171 [http-nio-8080-exec-5] DEBUG UsuarioServiceImpl - Obteniendo DAO de Usuario
2026-05-24 01:04:31.176 [http-nio-8080-exec-6] DEBUG UsuarioRestController - Listando todos los usuarios
2026-05-24 01:04:31.176 [http-nio-8080-exec-6] DEBUG UsuarioServiceImpl - Obteniendo DAO de Usuario
2026-05-24 01:04:31.181 [http-nio-8080-exec-7] DEBUG UsuarioRestController - Listando todos los usuarios
2026-05-24 01:04:31.181 [http-nio-8080-exec-7] DEBUG UsuarioServiceImpl - Obteniendo DAO de Usuario
2026-05-24 01:04:31.186 [http-nio-8080-exec-4] DEBUG UsuarioRestController - Listando todos los usuarios
2026-05-24 01:04:31.186 [http-nio-8080-exec-4] DEBUG UsuarioServiceImpl - Obteniendo DAO de Usuario
2026-05-24 01:04:31.190 [http-nio-8080-exec-8] DEBUG UsuarioRestController - Listando todos los usuarios
2026-05-24 01:04:31.190 [http-nio-8080-exec-8] DEBUG UsuarioServiceImpl - Obteniendo DAO de Usuario
2026-05-24 01:04:31.196 [http-nio-8080-exec-10] DEBUG UsuarioRestController - Listando todos los usuarios
2026-05-24 01:04:31.196 [http-nio-8080-exec-10] DEBUG UsuarioServiceImpl - Obteniendo DAO de Usuario
2026-05-24 01:04:31.201 [http-nio-8080-exec-9] DEBUG UsuarioRestController - Listando todos los usuarios
2026-05-24 01:04:31.201 [http-nio-8080-exec-9] DEBUG UsuarioServiceImpl - Obteniendo DAO de Usuario
2026-05-24 01:04:31.208 [http-nio-8080-exec-1] DEBUG UsuarioRestController - Listando todos los usuarios
2026-05-24 01:04:31.208 [http-nio-8080-exec-1] DEBUG UsuarioServiceImpl - Obteniendo DAO de Usuario
2026-05-24 01:04:31.215 [http-nio-8080-exec-3] DEBUG UsuarioRestController - Listando todos los usuarios
2026-05-24 01:04:31.215 [http-nio-8080-exec-3] DEBUG UsuarioServiceImpl - Obteniendo DAO de Usuario
2026-05-24 01:04:31.220 [http-nio-8080-exec-2] DEBUG UsuarioRestController - Listando todos los usuarios
2026-05-24 01:04:31.220 [http-nio-8080-exec-2] DEBUG UsuarioServiceImpl - Obteniendo DAO de Usuario
2026-05-24 01:04:31.226 [http-nio-8080-exec-5] DEBUG UsuarioRestController - Listando todos los usuarios
2026-05-24 01:04:31.226 [http-nio-8080-exec-5] DEBUG UsuarioServiceImpl - Obteniendo DAO de Usuario
2026-05-24 01:04:31.233 [http-nio-8080-exec-6] DEBUG UsuarioRestController - Listando todos los usuarios
2026-05-24 01:04:31.233 [http-nio-8080-exec-6] DEBUG UsuarioServiceImpl - Obteniendo DAO de Usuario
2026-05-24 01:04:31.237 [http-nio-8080-exec-7] DEBUG UsuarioRestController - Listando todos los usuarios
2026-05-24 01:04:31.237 [http-nio-8080-exec-7] DEBUG UsuarioServiceImpl - Obteniendo DAO de Usuario
2026-05-24 01:04:31.243 [http-nio-8080-exec-4] DEBUG UsuarioRestController - Listando todos los usuarios
2026-05-24 01:04:31.244 [http-nio-8080-exec-4] DEBUG UsuarioServiceImpl - Obteniendo DAO de Usuario
2026-05-24 01:04:31.249 [http-nio-8080-exec-8] DEBUG UsuarioRestController - Listando todos los usuarios
2026-05-24 01:04:31.249 [http-nio-8080-exec-8] DEBUG UsuarioServiceImpl - Obteniendo DAO de Usuario
2026-05-24 01:04:31.254 [http-nio-8080-exec-10] DEBUG UsuarioRestController - Listando todos los usuarios
2026-05-24 01:04:31.255 [http-nio-8080-exec-10] DEBUG UsuarioServiceImpl - Obteniendo DAO de Usuario
2026-05-24 01:04:31.260 [http-nio-8080-exec-9] DEBUG UsuarioRestController - Listando todos los usuarios
2026-05-24 01:04:31.260 [http-nio-8080-exec-9] DEBUG UsuarioServiceImpl - Obteniendo DAO de Usuario
2026-05-24 01:04:31.265 [http-nio-8080-exec-1] DEBUG UsuarioRestController - Listando todos los usuarios
2026-05-24 01:04:31.265 [http-nio-8080-exec-1] DEBUG UsuarioServiceImpl - Obteniendo DAO de Usuario
2026-05-24 01:04:31.270 [http-nio-8080-exec-3] DEBUG UsuarioRestController - Listando todos los usuarios
2026-05-24 01:04:31.270 [http-nio-8080-exec-3] DEBUG UsuarioServiceImpl - Obteniendo DAO de Usuario
2026-05-24 01:04:31.275 [http-nio-8080-exec-2] DEBUG UsuarioRestController - Listando todos los usuarios
2026-05-24 01:04:31.275 [http-nio-8080-exec-2] DEBUG UsuarioServiceImpl - Obteniendo DAO de Usuario
2026-05-24 01:04:31.281 [http-nio-8080-exec-5] DEBUG UsuarioRestController - Listando todos los usuarios
2026-05-24 01:04:31.281 [http-nio-8080-exec-5] DEBUG UsuarioServiceImpl - Obteniendo DAO de Usuario
2026-05-24 01:04:31.286 [http-nio-8080-exec-6] DEBUG UsuarioRestController - Listando todos los usuarios
2026-05-24 01:04:31.286 [http-nio-8080-exec-6] DEBUG UsuarioServiceImpl - Obteniendo DAO de Usuario
2026-05-24 01:04:31.291 [http-nio-8080-exec-7] DEBUG UsuarioRestController - Listando todos los usuarios
2026-05-24 01:04:31.291 [http-nio-8080-exec-7] DEBUG UsuarioServiceImpl - Obteniendo DAO de Usuario
2026-05-24 01:04:31.296 [http-nio-8080-exec-4] DEBUG UsuarioRestController - Listando todos los usuarios
2026-05-24 01:04:31.296 [http-nio-8080-exec-4] DEBUG UsuarioServiceImpl - Obteniendo DAO de Usuario
2026-05-24 01:04:31.301 [http-nio-8080-exec-8] DEBUG UsuarioRestController - Listando todos los usuarios
2026-05-24 01:04:31.301 [http-nio-8080-exec-8] DEBUG UsuarioServiceImpl - Obteniendo DAO de Usuario
2026-05-24 01:04:31.307 [http-nio-8080-exec-10] DEBUG UsuarioRestController - Listando todos los usuarios
2026-05-24 01:04:31.307 [http-nio-8080-exec-10] DEBUG UsuarioServiceImpl - Obteniendo DAO de Usuario
2026-05-24 01:04:31.313 [http-nio-8080-exec-9] DEBUG UsuarioRestController - Listando todos los usuarios
2026-05-24 01:04:31.313 [http-nio-8080-exec-9] DEBUG UsuarioServiceImpl - Obteniendo DAO de Usuario
2026-05-24 01:04:31.318 [http-nio-8080-exec-1] DEBUG UsuarioRestController - Listando todos los usuarios
2026-05-24 01:04:31.318 [http-nio-8080-exec-1] DEBUG UsuarioServiceImpl - Obteniendo DAO de Usuario
2026-05-24 01:04:31.324 [http-nio-8080-exec-3] DEBUG UsuarioRestController - Listando todos los usuarios
2026-05-24 01:04:31.324 [http-nio-8080-exec-3] DEBUG UsuarioServiceImpl - Obteniendo DAO de Usuario
2026-05-24 01:04:31.329 [http-nio-8080-exec-2] DEBUG UsuarioRestController - Listando todos los usuarios
2026-05-24 01:04:31.329 [http-nio-8080-exec-2] DEBUG UsuarioServiceImpl - Obteniendo DAO de Usuario
2026-05-24 01:04:31.335 [http-nio-8080-exec-5] DEBUG UsuarioRestController - Listando todos los usuarios
2026-05-24 01:04:31.335 [http-nio-8080-exec-5] DEBUG UsuarioServiceImpl - Obteniendo DAO de Usuario
2026-05-24 01:04:31.340 [http-nio-8080-exec-6] DEBUG UsuarioRestController - Listando todos los usuarios
2026-05-24 01:04:31.340 [http-nio-8080-exec-6] DEBUG UsuarioServiceImpl - Obteniendo DAO de Usuario
2026-05-24 01:04:31.345 [http-nio-8080-exec-7] DEBUG UsuarioRestController - Listando todos los usuarios
2026-05-24 01:04:31.345 [http-nio-8080-exec-7] DEBUG UsuarioServiceImpl - Obteniendo DAO de Usuario
2026-05-24 01:04:31.351 [http-nio-8080-exec-4] DEBUG UsuarioRestController - Listando todos los usuarios
2026-05-24 01:04:31.351 [http-nio-8080-exec-4] DEBUG UsuarioServiceImpl - Obteniendo DAO de Usuario
2026-05-24 01:04:31.356 [http-nio-8080-exec-8] DEBUG UsuarioRestController - Listando todos los usuarios
2026-05-24 01:04:31.356 [http-nio-8080-exec-8] DEBUG UsuarioServiceImpl - Obteniendo DAO de Usuario
2026-05-24 01:04:31.361 [http-nio-8080-exec-10] DEBUG UsuarioRestController - Listando todos los usuarios
2026-05-24 01:04:31.361 [http-nio-8080-exec-10] DEBUG UsuarioServiceImpl - Obteniendo DAO de Usuario
2026-05-24 01:04:31.367 [http-nio-8080-exec-9] DEBUG UsuarioRestController - Listando todos los usuarios
2026-05-24 01:04:31.367 [http-nio-8080-exec-9] DEBUG UsuarioServiceImpl - Obteniendo DAO de Usuario
2026-05-24 01:04:31.372 [http-nio-8080-exec-1] DEBUG UsuarioRestController - Listando todos los usuarios
2026-05-24 01:04:31.372 [http-nio-8080-exec-1] DEBUG UsuarioServiceImpl - Obteniendo DAO de Usuario
2026-05-24 01:04:31.377 [http-nio-8080-exec-3] DEBUG UsuarioRestController - Listando todos los usuarios
2026-05-24 01:04:31.377 [http-nio-8080-exec-3] DEBUG UsuarioServiceImpl - Obteniendo DAO de Usuario
2026-05-24 01:04:31.383 [http-nio-8080-exec-2] DEBUG UsuarioRestController - Listando todos los usuarios
2026-05-24 01:04:31.383 [http-nio-8080-exec-2] DEBUG UsuarioServiceImpl - Obteniendo DAO de Usuario
2026-05-24 01:04:31.387 [http-nio-8080-exec-5] DEBUG UsuarioRestController - Listando todos los usuarios
2026-05-24 01:04:31.388 [http-nio-8080-exec-5] DEBUG UsuarioServiceImpl - Obteniendo DAO de Usuario
2026-05-24 01:04:31.394 [http-nio-8080-exec-6] DEBUG UsuarioRestController - Listando todos los usuarios
2026-05-24 01:04:31.394 [http-nio-8080-exec-6] DEBUG UsuarioServiceImpl - Obteniendo DAO de Usuario
2026-05-24 01:04:31.400 [http-nio-8080-exec-7] DEBUG UsuarioRestController - Listando todos los usuarios
2026-05-24 01:04:31.400 [http-nio-8080-exec-7] DEBUG UsuarioServiceImpl - Obteniendo DAO de Usuario
2026-05-24 01:04:31.406 [http-nio-8080-exec-4] DEBUG UsuarioRestController - Listando todos los usuarios
2026-05-24 01:04:31.406 [http-nio-8080-exec-4] DEBUG UsuarioServiceImpl - Obteniendo DAO de Usuario
2026-05-24 01:04:31.411 [http-nio-8080-exec-8] DEBUG UsuarioRestController - Listando todos los usuarios
2026-05-24 01:04:31.411 [http-nio-8080-exec-8] DEBUG UsuarioServiceImpl - Obteniendo DAO de Usuario
2026-05-24 01:04:31.415 [http-nio-8080-exec-10] DEBUG UsuarioRestController - Listando todos los usuarios
2026-05-24 01:04:31.415 [http-nio-8080-exec-10] DEBUG UsuarioServiceImpl - Obteniendo DAO de Usuario
2026-05-24 01:04:31.421 [http-nio-8080-exec-9] DEBUG UsuarioRestController - Listando todos los usuarios
2026-05-24 01:04:31.421 [http-nio-8080-exec-9] DEBUG UsuarioServiceImpl - Obteniendo DAO de Usuario
2026-05-24 01:04:31.425 [http-nio-8080-exec-1] DEBUG UsuarioRestController - Listando todos los usuarios
2026-05-24 01:04:31.425 [http-nio-8080-exec-1] DEBUG UsuarioServiceImpl - Obteniendo DAO de Usuario
2026-05-24 01:04:31.431 [http-nio-8080-exec-3] DEBUG UsuarioRestController - Listando todos los usuarios
2026-05-24 01:04:31.431 [http-nio-8080-exec-3] DEBUG UsuarioServiceImpl - Obteniendo DAO de Usuario
2026-05-24 01:04:31.436 [http-nio-8080-exec-2] DEBUG UsuarioRestController - Listando todos los usuarios
2026-05-24 01:04:31.436 [http-nio-8080-exec-2] DEBUG UsuarioServiceImpl - Obteniendo DAO de Usuario
2026-05-24 01:04:31.441 [http-nio-8080-exec-5] DEBUG UsuarioRestController - Listando todos los usuarios
2026-05-24 01:04:31.441 [http-nio-8080-exec-5] DEBUG UsuarioServiceImpl - Obteniendo DAO de Usuario
2026-05-24 01:04:31.446 [http-nio-8080-exec-6] DEBUG UsuarioRestController - Listando todos los usuarios
2026-05-24 01:04:31.446 [http-nio-8080-exec-6] DEBUG UsuarioServiceImpl - Obteniendo DAO de Usuario
2026-05-24 01:04:31.452 [http-nio-8080-exec-7] DEBUG UsuarioRestController - Listando todos los usuarios
2026-05-24 01:04:31.453 [http-nio-8080-exec-7] DEBUG UsuarioServiceImpl - Obteniendo DAO de Usuario
2026-05-24 01:04:31.458 [http-nio-8080-exec-4] DEBUG UsuarioRestController - Listando todos los usuarios
2026-05-24 01:04:31.458 [http-nio-8080-exec-4] DEBUG UsuarioServiceImpl - Obteniendo DAO de Usuario
2026-05-24 01:04:31.463 [http-nio-8080-exec-8] DEBUG UsuarioRestController - Listando todos los usuarios
2026-05-24 01:04:31.463 [http-nio-8080-exec-8] DEBUG UsuarioServiceImpl - Obteniendo DAO de Usuario
2026-05-24 01:04:31.468 [http-nio-8080-exec-10] DEBUG UsuarioRestController - Listando todos los usuarios
2026-05-24 01:04:31.468 [http-nio-8080-exec-10] DEBUG UsuarioServiceImpl - Obteniendo DAO de Usuario
2026-05-24 01:04:31.473 [http-nio-8080-exec-9] DEBUG UsuarioRestController - Listando todos los usuarios
2026-05-24 01:04:31.474 [http-nio-8080-exec-9] DEBUG UsuarioServiceImpl - Obteniendo DAO de Usuario
2026-05-24 01:04:31.479 [http-nio-8080-exec-1] DEBUG UsuarioRestController - Listando todos los usuarios
2026-05-24 01:04:31.479 [http-nio-8080-exec-1] DEBUG UsuarioServiceImpl - Obteniendo DAO de Usuario
2026-05-24 01:04:31.484 [http-nio-8080-exec-3] DEBUG UsuarioRestController - Listando todos los usuarios
2026-05-24 01:04:31.484 [http-nio-8080-exec-3] DEBUG UsuarioServiceImpl - Obteniendo DAO de Usuario
2026-05-24 01:04:31.489 [http-nio-8080-exec-2] DEBUG UsuarioRestController - Listando todos los usuarios
2026-05-24 01:04:31.489 [http-nio-8080-exec-2] DEBUG UsuarioServiceImpl - Obteniendo DAO de Usuario
2026-05-24 01:04:31.495 [http-nio-8080-exec-5] DEBUG UsuarioRestController - Listando todos los usuarios
2026-05-24 01:04:31.496 [http-nio-8080-exec-5] DEBUG UsuarioServiceImpl - Obteniendo DAO de Usuario
2026-05-24 01:04:31.501 [http-nio-8080-exec-6] DEBUG UsuarioRestController - Listando todos los usuarios
2026-05-24 01:04:31.502 [http-nio-8080-exec-6] DEBUG UsuarioServiceImpl - Obteniendo DAO de Usuario
2026-05-24 01:04:31.506 [http-nio-8080-exec-7] DEBUG UsuarioRestController - Listando todos los usuarios
2026-05-24 01:04:31.506 [http-nio-8080-exec-7] DEBUG UsuarioServiceImpl - Obteniendo DAO de Usuario
2026-05-24 01:04:31.510 [http-nio-8080-exec-4] DEBUG UsuarioRestController - Listando todos los usuarios
2026-05-24 01:04:31.510 [http-nio-8080-exec-4] DEBUG UsuarioServiceImpl - Obteniendo DAO de Usuario
2026-05-24 01:04:31.515 [http-nio-8080-exec-8] DEBUG UsuarioRestController - Listando todos los usuarios
2026-05-24 01:04:31.515 [http-nio-8080-exec-8] DEBUG UsuarioServiceImpl - Obteniendo DAO de Usuario
2026-05-24 01:04:31.520 [http-nio-8080-exec-10] DEBUG UsuarioRestController - Listando todos los usuarios
2026-05-24 01:04:31.520 [http-nio-8080-exec-10] DEBUG UsuarioServiceImpl - Obteniendo DAO de Usuario
2026-05-24 01:04:31.524 [http-nio-8080-exec-9] DEBUG UsuarioRestController - Listando todos los usuarios
2026-05-24 01:04:31.525 [http-nio-8080-exec-9] DEBUG UsuarioServiceImpl - Obteniendo DAO de Usuario
2026-05-24 01:04:31.529 [http-nio-8080-exec-1] DEBUG UsuarioRestController - Listando todos los usuarios
2026-05-24 01:04:31.529 [http-nio-8080-exec-1] DEBUG UsuarioServiceImpl - Obteniendo DAO de Usuario
2026-05-24 01:04:31.533 [http-nio-8080-exec-3] DEBUG UsuarioRestController - Listando todos los usuarios
2026-05-24 01:04:31.533 [http-nio-8080-exec-3] DEBUG UsuarioServiceImpl - Obteniendo DAO de Usuario
2026-05-24 01:04:31.539 [http-nio-8080-exec-2] DEBUG UsuarioRestController - Listando todos los usuarios
2026-05-24 01:04:31.539 [http-nio-8080-exec-2] DEBUG UsuarioServiceImpl - Obteniendo DAO de Usuario
2026-05-24 01:04:31.544 [http-nio-8080-exec-5] DEBUG UsuarioRestController - Listando todos los usuarios
2026-05-24 01:04:31.544 [http-nio-8080-exec-5] DEBUG UsuarioServiceImpl - Obteniendo DAO de Usuario
2026-05-24 01:04:31.549 [http-nio-8080-exec-6] DEBUG UsuarioRestController - Listando todos los usuarios
2026-05-24 01:04:31.549 [http-nio-8080-exec-6] DEBUG UsuarioServiceImpl - Obteniendo DAO de Usuario
2026-05-24 01:04:31.554 [http-nio-8080-exec-7] DEBUG UsuarioRestController - Listando todos los usuarios
2026-05-24 01:04:31.554 [http-nio-8080-exec-7] DEBUG UsuarioServiceImpl - Obteniendo DAO de Usuario
2026-05-24 01:04:31.559 [http-nio-8080-exec-4] DEBUG UsuarioRestController - Listando todos los usuarios
2026-05-24 01:04:31.559 [http-nio-8080-exec-4] DEBUG UsuarioServiceImpl - Obteniendo DAO de Usuario
2026-05-24 01:04:31.564 [http-nio-8080-exec-8] DEBUG UsuarioRestController - Listando todos los usuarios
2026-05-24 01:04:31.564 [http-nio-8080-exec-8] DEBUG UsuarioServiceImpl - Obteniendo DAO de Usuario
2026-05-24 01:04:31.570 [http-nio-8080-exec-10] DEBUG UsuarioRestController - Listando todos los usuarios
2026-05-24 01:04:31.570 [http-nio-8080-exec-10] DEBUG UsuarioServiceImpl - Obteniendo DAO de Usuario
2026-05-24 01:04:31.575 [http-nio-8080-exec-9] DEBUG UsuarioRestController - Listando todos los usuarios
2026-05-24 01:04:31.575 [http-nio-8080-exec-9] DEBUG UsuarioServiceImpl - Obteniendo DAO de Usuario
2026-05-24 01:04:31.581 [http-nio-8080-exec-1] DEBUG UsuarioRestController - Listando todos los usuarios
2026-05-24 01:04:31.581 [http-nio-8080-exec-1] DEBUG UsuarioServiceImpl - Obteniendo DAO de Usuario
2026-05-24 01:04:31.587 [http-nio-8080-exec-3] DEBUG UsuarioRestController - Listando todos los usuarios
2026-05-24 01:04:31.587 [http-nio-8080-exec-3] DEBUG UsuarioServiceImpl - Obteniendo DAO de Usuario
2026-05-24 01:04:31.593 [http-nio-8080-exec-2] DEBUG UsuarioRestController - Listando todos los usuarios
2026-05-24 01:04:31.593 [http-nio-8080-exec-2] DEBUG UsuarioServiceImpl - Obteniendo DAO de Usuario
2026-05-24 01:04:31.598 [http-nio-8080-exec-5] DEBUG UsuarioRestController - Listando todos los usuarios
2026-05-24 01:04:31.598 [http-nio-8080-exec-5] DEBUG UsuarioServiceImpl - Obteniendo DAO de Usuario
2026-05-24 01:04:31.603 [http-nio-8080-exec-6] DEBUG UsuarioRestController - Listando todos los usuarios
2026-05-24 01:04:31.603 [http-nio-8080-exec-6] DEBUG UsuarioServiceImpl - Obteniendo DAO de Usuario
2026-05-24 01:04:31.607 [http-nio-8080-exec-7] DEBUG UsuarioRestController - Listando todos los usuarios
2026-05-24 01:04:31.608 [http-nio-8080-exec-7] DEBUG UsuarioServiceImpl - Obteniendo DAO de Usuario
2026-05-24 01:04:31.613 [http-nio-8080-exec-4] DEBUG UsuarioRestController - Listando todos los usuarios
2026-05-24 01:04:31.613 [http-nio-8080-exec-4] DEBUG UsuarioServiceImpl - Obteniendo DAO de Usuario
2026-05-24 01:04:31.618 [http-nio-8080-exec-8] DEBUG UsuarioRestController - Listando todos los usuarios
2026-05-24 01:04:31.618 [http-nio-8080-exec-8] DEBUG UsuarioServiceImpl - Obteniendo DAO de Usuario
2026-05-24 01:04:31.623 [http-nio-8080-exec-10] DEBUG UsuarioRestController - Listando todos los usuarios
2026-05-24 01:04:31.623 [http-nio-8080-exec-10] DEBUG UsuarioServiceImpl - Obteniendo DAO de Usuario
2026-05-24 01:04:31.628 [http-nio-8080-exec-9] DEBUG UsuarioRestController - Listando todos los usuarios
2026-05-24 01:04:31.628 [http-nio-8080-exec-9] DEBUG UsuarioServiceImpl - Obteniendo DAO de Usuario
2026-05-24 01:04:31.633 [http-nio-8080-exec-1] DEBUG UsuarioRestController - Listando todos los usuarios
2026-05-24 01:04:31.633 [http-nio-8080-exec-1] DEBUG UsuarioServiceImpl - Obteniendo DAO de Usuario
2026-05-24 01:04:31.638 [http-nio-8080-exec-3] DEBUG UsuarioRestController - Listando todos los usuarios
2026-05-24 01:04:31.638 [http-nio-8080-exec-3] DEBUG UsuarioServiceImpl - Obteniendo DAO de Usuario
2026-05-24 01:04:31.642 [http-nio-8080-exec-2] DEBUG UsuarioRestController - Listando todos los usuarios
2026-05-24 01:04:31.642 [http-nio-8080-exec-2] DEBUG UsuarioServiceImpl - Obteniendo DAO de Usuario
2026-05-24 01:04:31.647 [http-nio-8080-exec-5] DEBUG UsuarioRestController - Listando todos los usuarios
2026-05-24 01:04:31.647 [http-nio-8080-exec-5] DEBUG UsuarioServiceImpl - Obteniendo DAO de Usuario
2026-05-24 01:04:31.654 [http-nio-8080-exec-6] DEBUG UsuarioRestController - Listando todos los usuarios
2026-05-24 01:04:31.654 [http-nio-8080-exec-6] DEBUG UsuarioServiceImpl - Obteniendo DAO de Usuario
2026-05-24 01:04:31.661 [http-nio-8080-exec-7] DEBUG UsuarioRestController - Listando todos los usuarios
2026-05-24 01:04:31.661 [http-nio-8080-exec-7] DEBUG UsuarioServiceImpl - Obteniendo DAO de Usuario
2026-05-24 01:04:31.668 [http-nio-8080-exec-4] DEBUG UsuarioRestController - Listando todos los usuarios
2026-05-24 01:04:31.669 [http-nio-8080-exec-4] DEBUG UsuarioServiceImpl - Obteniendo DAO de Usuario
2026-05-24 01:04:31.676 [http-nio-8080-exec-8] DEBUG UsuarioRestController - Listando todos los usuarios
2026-05-24 01:04:31.676 [http-nio-8080-exec-8] DEBUG UsuarioServiceImpl - Obteniendo DAO de Usuario
2026-05-24 01:04:31.683 [http-nio-8080-exec-10] DEBUG UsuarioRestController - Listando todos los usuarios
2026-05-24 01:04:31.683 [http-nio-8080-exec-10] DEBUG UsuarioServiceImpl - Obteniendo DAO de Usuario
2026-05-24 01:04:31.691 [http-nio-8080-exec-9] DEBUG UsuarioRestController - Listando todos los usuarios
2026-05-24 01:04:31.691 [http-nio-8080-exec-9] DEBUG UsuarioServiceImpl - Obteniendo DAO de Usuario
2026-05-24 01:04:31.698 [http-nio-8080-exec-1] DEBUG UsuarioRestController - Listando todos los usuarios
2026-05-24 01:04:31.699 [http-nio-8080-exec-1] DEBUG UsuarioServiceImpl - Obteniendo DAO de Usuario
2026-05-24 01:04:31.704 [http-nio-8080-exec-3] DEBUG UsuarioRestController - Listando todos los usuarios
2026-05-24 01:04:31.704 [http-nio-8080-exec-3] DEBUG UsuarioServiceImpl - Obteniendo DAO de Usuario
2026-05-24 01:04:31.712 [http-nio-8080-exec-2] DEBUG UsuarioRestController - Listando todos los usuarios
2026-05-24 01:04:31.712 [http-nio-8080-exec-2] DEBUG UsuarioServiceImpl - Obteniendo DAO de Usuario
2026-05-24 01:04:31.720 [http-nio-8080-exec-5] DEBUG UsuarioRestController - Listando todos los usuarios
2026-05-24 01:04:31.720 [http-nio-8080-exec-5] DEBUG UsuarioServiceImpl - Obteniendo DAO de Usuario
2026-05-24 01:04:31.728 [http-nio-8080-exec-6] DEBUG UsuarioRestController - Listando todos los usuarios
2026-05-24 01:04:31.728 [http-nio-8080-exec-6] DEBUG UsuarioServiceImpl - Obteniendo DAO de Usuario
2026-05-24 01:04:31.737 [http-nio-8080-exec-7] DEBUG UsuarioRestController - Listando todos los usuarios
2026-05-24 01:04:31.737 [http-nio-8080-exec-7] DEBUG UsuarioServiceImpl - Obteniendo DAO de Usuario
2026-05-24 01:04:31.743 [http-nio-8080-exec-4] DEBUG UsuarioRestController - Listando todos los usuarios
2026-05-24 01:04:31.743 [http-nio-8080-exec-4] DEBUG UsuarioServiceImpl - Obteniendo DAO de Usuario
2026-05-24 01:04:31.747 [http-nio-8080-exec-8] DEBUG UsuarioRestController - Listando todos los usuarios
2026-05-24 01:04:31.747 [http-nio-8080-exec-8] DEBUG UsuarioServiceImpl - Obteniendo DAO de Usuario
2026-05-24 01:04:31.757 [http-nio-8080-exec-10] DEBUG UsuarioRestController - Listando todos los usuarios
2026-05-24 01:04:31.757 [http-nio-8080-exec-10] DEBUG UsuarioServiceImpl - Obteniendo DAO de Usuario
2026-05-24 01:04:31.762 [http-nio-8080-exec-9] DEBUG UsuarioRestController - Listando todos los usuarios
2026-05-24 01:04:31.763 [http-nio-8080-exec-9] DEBUG UsuarioServiceImpl - Obteniendo DAO de Usuario
2026-05-24 01:04:31.769 [http-nio-8080-exec-1] DEBUG UsuarioRestController - Listando todos los usuarios
2026-05-24 01:04:31.769 [http-nio-8080-exec-1] DEBUG UsuarioServiceImpl - Obteniendo DAO de Usuario
2026-05-24 01:04:31.774 [http-nio-8080-exec-3] DEBUG UsuarioRestController - Listando todos los usuarios
2026-05-24 01:04:31.774 [http-nio-8080-exec-3] DEBUG UsuarioServiceImpl - Obteniendo DAO de Usuario
2026-05-24 01:04:31.779 [http-nio-8080-exec-2] DEBUG UsuarioRestController - Listando todos los usuarios
2026-05-24 01:04:31.779 [http-nio-8080-exec-2] DEBUG UsuarioServiceImpl - Obteniendo DAO de Usuario
2026-05-24 01:04:31.783 [http-nio-8080-exec-5] DEBUG UsuarioRestController - Listando todos los usuarios
2026-05-24 01:04:31.783 [http-nio-8080-exec-5] DEBUG UsuarioServiceImpl - Obteniendo DAO de Usuario
2026-05-24 01:04:31.788 [http-nio-8080-exec-6] DEBUG UsuarioRestController - Listando todos los usuarios
2026-05-24 01:04:31.789 [http-nio-8080-exec-6] DEBUG UsuarioServiceImpl - Obteniendo DAO de Usuario
2026-05-24 01:04:31.793 [http-nio-8080-exec-7] DEBUG UsuarioRestController - Listando todos los usuarios
2026-05-24 01:04:31.793 [http-nio-8080-exec-7] DEBUG UsuarioServiceImpl - Obteniendo DAO de Usuario
2026-05-24 01:04:31.797 [http-nio-8080-exec-4] DEBUG UsuarioRestController - Listando todos los usuarios
2026-05-24 01:04:31.798 [http-nio-8080-exec-4] DEBUG UsuarioServiceImpl - Obteniendo DAO de Usuario
2026-05-24 01:04:31.802 [http-nio-8080-exec-8] DEBUG UsuarioRestController - Listando todos los usuarios
2026-05-24 01:04:31.803 [http-nio-8080-exec-8] DEBUG UsuarioServiceImpl - Obteniendo DAO de Usuario
2026-05-24 01:04:31.807 [http-nio-8080-exec-10] DEBUG UsuarioRestController - Listando todos los usuarios
2026-05-24 01:04:31.807 [http-nio-8080-exec-10] DEBUG UsuarioServiceImpl - Obteniendo DAO de Usuario
2026-05-24 01:04:31.811 [http-nio-8080-exec-9] DEBUG UsuarioRestController - Listando todos los usuarios
2026-05-24 01:04:31.811 [http-nio-8080-exec-9] DEBUG UsuarioServiceImpl - Obteniendo DAO de Usuario
2026-05-24 01:04:31.815 [http-nio-8080-exec-1] DEBUG UsuarioRestController - Listando todos los usuarios
2026-05-24 01:04:31.815 [http-nio-8080-exec-1] DEBUG UsuarioServiceImpl - Obteniendo DAO de Usuario
2026-05-24 01:04:31.819 [http-nio-8080-exec-3] DEBUG UsuarioRestController - Listando todos los usuarios
2026-05-24 01:04:31.820 [http-nio-8080-exec-3] DEBUG UsuarioServiceImpl - Obteniendo DAO de Usuario
2026-05-24 01:04:31.824 [http-nio-8080-exec-2] DEBUG UsuarioRestController - Listando todos los usuarios
2026-05-24 01:04:31.824 [http-nio-8080-exec-2] DEBUG UsuarioServiceImpl - Obteniendo DAO de Usuario
2026-05-24 01:04:31.828 [http-nio-8080-exec-5] DEBUG UsuarioRestController - Listando todos los usuarios
2026-05-24 01:04:31.828 [http-nio-8080-exec-5] DEBUG UsuarioServiceImpl - Obteniendo DAO de Usuario
2026-05-24 01:04:31.833 [http-nio-8080-exec-6] DEBUG UsuarioRestController - Listando todos los usuarios
2026-05-24 01:04:31.833 [http-nio-8080-exec-6] DEBUG UsuarioServiceImpl - Obteniendo DAO de Usuario
2026-05-24 01:04:31.837 [http-nio-8080-exec-7] DEBUG UsuarioRestController - Listando todos los usuarios
2026-05-24 01:04:31.837 [http-nio-8080-exec-7] DEBUG UsuarioServiceImpl - Obteniendo DAO de Usuario
2026-05-24 01:05:20.337 [http-nio-8080-exec-8] INFO  UsuarioRestController - Inicio de sesion: juampasemi19@gmail.com
2026-05-24 01:05:20.339 [http-nio-8080-exec-8] INFO  UsuarioServiceImpl - Buscando Usuario por correo: juampasemi19@gmail.com
2026-05-24 01:05:20.797 [http-nio-8080-exec-8] DEBUG HashUtil - Generando hash SHA-1
2026-05-24 01:05:20.798 [http-nio-8080-exec-8] INFO  UsuarioRestController - Login exitoso: juampa1907
2026-05-24 01:05:20.798 [http-nio-8080-exec-8] INFO  UsuarioServiceImpl - Actualizando Usuario con id: 3
2026-05-24 01:05:20.826 [http-nio-8080-exec-8] DEBUG AuditoriaServiceImpl - Obteniendo DAO de Auditoria
2026-05-24 01:05:20.933 [http-nio-8080-exec-10] INFO  AuditoriaRestController - Listando todas las auditorías
2026-05-24 01:05:20.934 [http-nio-8080-exec-9] DEBUG UsuarioRestController - Listando todos los usuarios
2026-05-24 01:05:20.934 [http-nio-8080-exec-10] DEBUG AuditoriaServiceImpl - Obteniendo DAO de Auditoria
2026-05-24 01:05:20.934 [http-nio-8080-exec-9] DEBUG UsuarioServiceImpl - Obteniendo DAO de Usuario
2026-05-24 01:05:20.936 [http-nio-8080-exec-1] INFO  EquipoRestController - Listando todos los equipos
2026-05-24 01:05:20.936 [http-nio-8080-exec-1] DEBUG EquipoServiceImpl - Obteniendo DAO de Equipo
2026-05-24 01:05:20.936 [http-nio-8080-exec-3] INFO  PartidoRestController - Listando todos los partidos
2026-05-24 01:05:20.936 [http-nio-8080-exec-3] DEBUG PartidoServiceImpl - Obteniendo DAO de Partido
